N,P,K,temperature,humidity,ph,rainfall,label,water_access,market_demand,disease_risk,production_cost,farming_type
71,54,16,22.61359953,63.69070564,5.7499144210000015,52.655723142,maize,0.37,89,,1358.0,0
61,44,17,26.10018422,71.57476937,6.931756557999999,61.3597467,maize,0.332,79,,2108.6,1
80,43,16,23.55882094,71.59351368,6.657964753,40.031972802000006,maize,0.288,76,,1887.6000000000001,1
73,58,21,19.97215954,57.68272924,6.596060648,36.391028886,maize,0.41,93,,1581.0,0
61,38,20,18.47891261,62.69503871,5.970458434,39.263012358000005,maize,0.328,43,,1300.0,0
68,41,16,21.77689322,57.80840636,6.158830619,61.25170164,maize,0.21,81,,2127.0,0
93,41,17,25.6217169,66.50415474,6.047906679,63.27928218,maize,0.352,25,,1236.0,0
89,60,19,25.19192419,66.69029010000001,5.913664501,46.839837894,maize,0.26,52,,1571.7,1
76,44,17,20.41683147,62.55424820000001,5.855442401,39.166790742,maize,0.53,59,,1115.0,0
67,60,25,24.92162194,66.78627406,5.750254943,65.52973674,maize,0.47,10,,1606.8,1
70,44,19,23.31689124,73.4541537,5.852607099,56.578276926,maize,0.24,74,,1362.0,0
90,49,21,24.84016732,68.3584573,6.4725232870000005,44.432849616,maize,0.25,18,,2128.1,1
62,52,16,22.27526694,58.84015925,6.9670577620000005,38.322123504,maize,0.63,23,,2962.7000000000003,1
92,44,16,18.87751445,65.76816093,6.082973754,56.857136586,maize,0.61,67,,2294.0,0
66,54,21,25.19008683,60.200168700000006,5.919045532,43.274253438,maize,0.22,14,,1167.0,0
63,58,22,18.25405352,55.28220433,6.204747652999999,38.234148924,maize,0.55,41,,2787.0,0
70,47,17,24.612911800000006,70.4162444,6.600827017,62.49756882,maize,0.32,14,,2635.0,0
61,41,17,25.1420613,65.26185135,6.021902237000001,46.010736036,maize,0.19,88,,2759.0,0
66,53,19,23.09348056,60.11593810000001,6.033550195,39.298384374,maize,0.69,47,,1073.0,0
74,55,19,18.05033737,62.89366992,6.28886807,50.541680904,maize,0.14,73,,2323.0,0
77,57,21,24.9321581,73.80435276,6.550563822999999,47.844472314,maize,0.376,34,,1299.0,0
99,50,15,18.14710054,71.09445342,5.573286437,52.846522446,maize,0.352,79,,1791.0,0
74,56,22,18.28362235,66.65952796,6.829199275,48.585439686,maize,0.45,37,,1466.0,0
83,45,21,18.83344471,58.75082029,5.716222912,47.85197375999999,maize,0.61,52,,1202.0,0
100,48,16,25.71895816,67.22190688,5.54990242,44.708944746,maize,0.304,62,,1436.0,0
79,51,16,25.33797709,68.49835977,6.586244581,57.878281278,maize,0.288,61,,1929.2,1
94,39,18,23.89114571,57.48775781,5.893093135,61.69811651999999,maize,0.284,64,,1525.0,0
75,49,15,21.53574127,71.50905983,5.918263801,61.49117574,maize,0.66,50,,2937.0,0
78,48,22,23.08974909,63.10459626,5.588650585,42.260841654,maize,0.392,95,,2065.0,0
87,54,20,25.61707368,63.4711755,6.576418207000001,65.29822572,maize,0.19,45,,2822.0,0
87,35,25,21.44526922,63.1621551,6.178056304,39.533707128,maize,0.56,47,,1482.0,0
63,43,19,18.51816776,55.53128131,6.641906353,54.5928306,maize,0.11,44,,1120.0,0
84,57,25,22.53510514,67.99257471,6.489040367,38.645196234,maize,0.24,60,,1828.0,0
64,35,23,23.02038334,61.89472002,5.680361037999999,37.823060382,maize,0.25,94,,3463.2000000000003,1
60,46,22,24.89364635,65.61418761,6.625404347999999,52.7578851,maize,0.39,55,,2245.1,1
98,44,21,25.77175115,74.089114,6.524478032,64.49591502,maize,0.15,90,,2554.5,1
75,56,18,19.39851734,62.35750641,5.696205468,36.571184916,maize,0.66,67,,1733.0,0
86,55,21,21.54156232,59.64024162,6.803931519,65.85092309999999,maize,0.288,86,,2404.0,0
98,35,18,23.79746068,74.82913698,6.252797547999999,55.058023032,maize,0.38,90,,2152.0,0
76,57,18,18.9802729,74.52600826,6.092725883,56.557496118,maize,0.3,97,,1468.0,0
99,56,17,24.10859207,73.13112261,6.234330356,42.645373416,maize,0.344,22,,2228.0,0
60,44,23,24.7947077,70.04556743,5.722579819,46.037160402000005,maize,0.42,83,,1799.0,0
74,48,17,21.63162756,60.27766379,6.430616465,41.530818588,maize,0.49,35,,2420.0,0
89,60,17,25.37548751,57.21025565,5.983952675,61.02025836,maize,0.51,14,,1753.7,1
69,51,23,22.21738222,72.85462807,6.80163854,63.97278942,maize,0.45,84,,1795.0,0
96,46,22,20.58314011,69.00128641,6.499936446,39.776342142,maize,0.29,14,,1022.0,0
61,60,15,24.87502824,68.74248334,6.265564338,54.756339924,maize,0.64,49,,1122.0,0
74,58,18,20.03728219,56.35606753,6.727303282,65.4144846,maize,0.1,66,,1143.0,0
74,43,23,25.95263264,61.89082199,6.325235159,59.747887242,maize,0.392,77,,2676.0,0
63,43,17,19.28889933,65.47050802,6.807487794,42.79171842,maize,0.4,91,,2330.0,0
99,36,20,20.57981887,65.34583901,6.671085817000001,47.007626826,maize,0.62,72,,2779.4,1
77,36,23,24.71417533,56.73426469,6.648725327,53.072171148,maize,0.44,31,,3568.5,1
87,60,23,20.27317074,63.91281869,6.439071996,37.502111352,maize,0.34,78,,3502.2000000000003,1
60,38,17,18.41932981,64.23580251,6.474476516,45.847874622,maize,0.32,95,,3224.0,1
94,54,17,23.39128187,61.74427165,5.871647806,64.39188809999999,maize,0.396,91,,2633.0,0
95,38,22,19.84939404,61.24500053,5.730617109,60.46135476,maize,0.54,96,,1626.3,1
84,44,21,21.869274,61.91044947,5.850439831,64.36091574,maize,0.55,35,,1427.0,0
77,58,19,22.8056033,56.50768935,5.791649933,60.95716764,maize,0.39,36,,1589.0,0
66,44,20,19.0781471,69.02298571,6.740000687999999,48.435095658,maize,0.69,29,,2361.0,0
63,35,16,22.02720976,65.35549924,6.272417541,50.239680492,maize,0.21,98,,2742.0,0
79,45,20,23.80546189,59.24537979,5.715208817000001,53.97732084,maize,0.392,19,,2506.0,0
72,60,25,18.52510753,69.0276233,5.773454729,52.861406382000006,maize,0.11,31,,1156.0,0
67,51,24,23.50297882,61.32026065,5.584171461,38.866748544,maize,0.368,92,,2718.3,1
86,36,24,26.54986394,72.89187265,5.787268394,44.00181633,maize,0.52,41,,2719.0,0
76,48,18,19.29563411,69.63481219,5.77597783,49.926183426,maize,0.284,26,,1316.0,0
75,53,18,20.68899915,59.4375337,6.864793607,62.1908628,maize,0.364,59,,1100.0,0
81,45,23,19.32666088,68.03449300000001,6.192360002999999,50.537815062,maize,0.58,17,,2328.0,0
73,45,21,24.60532218,73.58868502,6.636803222999999,57.955171812,maize,0.24,85,,2462.2000000000003,1
71,35,24,22.27373646,59.52193158,5.826426917,40.780228752,maize,0.17,29,,1592.0,0
96,54,22,25.70196694,61.33450447,6.960358276,49.924267848,maize,0.328,21,,3537.3,1
99,39,18,19.20129357,68.30578978,6.11275104,52.710554112,maize,0.29,38,,2958.8,1
62,48,20,21.70181447,60.47470519,6.708446922,57.428330838,maize,0.42,68,,1685.0,0
86,37,16,20.51716779,59.21235483,5.561510732,40.566082422,maize,0.58,94,,1043.0,0
94,50,19,23.30355338,73.62548442,5.873242491,58.554487644,maize,0.6,74,,2780.7000000000003,1
76,39,24,24.2547451,55.64709899,6.995843776,38.54307273,maize,0.336,24,,1505.4,1
77,52,17,24.86374934,65.7420046,5.714799723,45.493622802,maize,0.62,14,,2831.4,1
74,39,23,22.6265115,65.77472881,6.78073637,52.903506198,maize,0.69,18,,1940.9,1
81,49,20,18.04185513,60.61494304,5.513697923,62.5392969,maize,0.348,22,,1371.0,0
63,42,21,23.26237612,72.33125523,5.798423907999999,40.261350834000005,maize,0.66,14,,1804.0,0
99,38,21,22.88330922,71.59722446,6.352471866,40.636663788,maize,0.356,15,,2547.0,0
90,52,25,25.97482359,69.36385721,6.822586546,61.93405272,maize,0.296,46,,2493.4,1
68,40,19,26.14384005,66.20569924,6.655426355,64.34168195999999,maize,0.288,32,,1848.0,0
60,57,24,18.66116213,61.55327249,6.1212940410000005,45.019486002,maize,0.5,63,,1068.0,0
71,52,18,25.10787449,55.97732754,5.790770202999999,46.896466158,maize,0.55,50,,2876.0,0
61,59,17,23.33844615,59.24580604,6.47444292,63.00498864,maize,0.36,55,,2829.0,0
88,38,15,25.08239719,65.92195844,6.455116637000001,37.495144872,maize,0.6,21,,1125.0,0
65,60,22,25.36768364,72.52054555,6.6069840860000015,64.74744666,maize,0.25,52,,2529.8,1
78,37,22,25.34217103,63.31801994,6.330554389,44.712492156,maize,0.47,87,,1110.0,0
78,58,15,25.00933355,67.816568,6.5286312660000005,37.748156964,maize,0.44,29,,1397.5,1
92,60,23,18.66746724,71.516474,5.721667141,41.95975953,maize,0.25,34,,2307.0,0
79,59,17,20.37999665,63.73849998,6.644205485,65.10326495999999,maize,0.39,80,,2941.0,0
91,55,15,18.09300227,72.61024172,6.376651091,47.376957246,maize,0.34,70,,2532.4,1
76,51,18,26.16985907,71.96246617,6.247040422,47.909552358,maize,0.38,20,,3520.4,1
87,48,25,18.65396672,61.37879671,6.656730007999999,56.17223505,maize,0.57,23,,1950.0,0
71,60,22,26.07470121,59.37147589,6.2048017,51.45415437,maize,0.284,43,,3088.8,1
90,57,24,18.92851916,72.80086137,6.158860284,49.404977508,maize,0.344,45,,2679.0,0
67,35,22,23.30546753,63.24648023,6.385684213999999,65.25618005999999,maize,0.36,92,,1802.0,0
60,54,19,18.74826712,62.49878458,6.417820493,42.140409582,maize,0.52,20,,1962.0,0
83,58,23,19.74213321,59.66263104,6.381201909,39.305168334,maize,0.48,45,,2606.0,0
83,57,19,25.73044432,70.74739256,6.877869005,59.242628028,maize,0.58,76,,1190.0,0
3,72,24,36.51268371,57.92887167,6.03160778,73.59238164,pigeonpeas,0.61,96,,1741.0,0
40,59,23,36.89163721,62.73178224,5.269084669,98.23599305999998,pigeonpeas,0.332,72,,2594.0,0
33,73,23,29.23540524,59.38967583,5.985792703,61.99810818,pigeonpeas,0.28,35,,2181.0,0
27,57,24,27.33534897,43.35795962,6.09186275,85.39822061999998,pigeonpeas,0.53,13,,1373.0,0
10,79,18,21.0643684,55.46985938,5.624731337999999,110.77360254,pigeonpeas,0.44,37,,2200.9,1
30,75,25,30.33276599,42.35249879,6.446091759,89.57997119999999,pigeonpeas,0.308,46,,2619.0,0
40,70,20,31.80130272,45.03186173,5.623490042999999,88.22168651999998,pigeonpeas,0.12,89,,1646.0,0
38,55,19,33.18184225,38.23184742,5.864623352000001,119.29792836,pigeonpeas,0.368,92,,2559.7000000000003,1
35,58,20,29.38538562,63.47742011,5.761702519,54.032535978,pigeonpeas,0.53,48,,2432.0,0
38,61,21,30.27374995,67.38680755,4.696518678,76.66602804,pigeonpeas,0.29,27,,2254.0,0
33,58,24,35.45790488,68.75810535,5.269504214,65.17998276,pigeonpeas,0.296,47,,2018.0,0
16,56,17,33.80020039,40.03262418,7.445444882999999,105.96995364,pigeonpeas,0.16,49,,2522.0,0
31,72,17,28.69180475,49.47225353,5.833031707999999,57.81733740599999,pigeonpeas,0.16,28,,2979.6,1
16,80,20,31.24021696,56.67369054,7.3393209289999986,73.20880398,pigeonpeas,0.53,79,,2042.3000000000002,1
27,72,17,28.98039357,57.23265151,6.347929353,72.44613984,pigeonpeas,0.38,84,,1406.0,0
40,62,19,27.32198928,34.13737127,4.697750704,57.909144168,pigeonpeas,0.396,89,,3591.9,1
18,58,16,21.47607807,38.80023714,4.962661422,108.2293404,pigeonpeas,0.5,41,,2592.2000000000003,1
3,68,16,18.31910448,34.69776639,4.964887857,64.48329629999999,pigeonpeas,0.5,20,,1229.0,0
26,67,24,36.97794384,37.73992903,5.642813116,96.88877778000004,pigeonpeas,0.32,53,,3760.9,1
16,70,20,24.80467592,40.1242747,5.6093956,72.93834726,pigeonpeas,0.58,32,,2677.0,0
24,63,19,19.3479443,55.96805489,4.681576043,116.75526888,pigeonpeas,0.33,93,,3764.8,1
9,76,25,28.88302142,50.12323801,5.70951224,107.52935244,pigeonpeas,0.22,48,,1423.5,1
16,55,19,19.54314136,47.19188279,6.413543781,115.46233164,pigeonpeas,0.32,81,,1698.0,0
28,75,21,24.7741949,50.54621094,6.007508163,68.56928322,pigeonpeas,0.3,78,,1095.0,0
16,71,24,18.33124824,38.40975482,4.946369874,83.78899901999998,pigeonpeas,0.49,43,,1030.0,0
24,70,21,19.14729038,45.3733757,5.517208078,79.6648929,pigeonpeas,0.58,40,,2168.0,0
38,72,21,28.23416057,49.4421345,5.902103172,111.90051486,pigeonpeas,0.292,88,,3260.4,1
9,66,21,30.11812084,34.13307843,5.719889876,94.25149392,pigeonpeas,0.41,86,,2056.6,1
34,56,17,33.4126864,35.42910045,4.548202098,83.80215245999999,pigeonpeas,0.388,28,,2790.0,0
1,76,19,24.18553163,46.68746847,6.6695294160000005,106.40267976,pigeonpeas,0.1,20,,1339.0,0
6,69,19,26.88630675,41.69617915,4.7509292180000005,56.680488048,pigeonpeas,0.43,92,,2735.0,0
26,73,21,31.33170829,57.97429171,4.946263888,97.06921356,pigeonpeas,0.42,20,,2391.0,0
27,61,18,33.30711818,67.07780816,5.266227032,65.10541008,pigeonpeas,0.304,82,,1671.0,0
27,71,23,23.45379018,46.48714759,7.10959773,90.52273211999996,pigeonpeas,0.392,74,,1432.0,0
36,61,21,34.53823889,39.04468913,5.617008201,101.15689908,pigeonpeas,0.332,75,,3770.0,1
17,73,18,19.50112224,34.51086611,5.632353113,118.42515894,pigeonpeas,0.43,85,,2018.0,0
26,72,22,28.76794904,37.57792132,4.674941549,55.032509214,pigeonpeas,0.388,81,,2966.0,0
17,64,16,30.97758716,32.24914235,7.161797643,108.4300968,pigeonpeas,0.24,10,,1510.6000000000001,1
14,74,19,18.39759147,36.82639309,6.624966131,55.873983864,pigeonpeas,0.59,31,,2995.0,0
39,60,15,35.09357419,30.98685456,5.004074623999999,70.14641447999999,pigeonpeas,0.48,68,,3876.6,1
6,66,15,34.93174223,30.40046769,6.3458060110000005,95.55898962,pigeonpeas,0.45,63,,2315.3,1
8,59,18,29.50523036,35.72032498,6.216814453,112.73771106,pigeonpeas,0.51,35,,2020.0,0
2,67,18,34.51934775,47.52980027,5.921666758,77.40387671999999,pigeonpeas,0.45,49,,2749.0,0
1,76,17,28.43430726,52.10010827,6.012719118,88.22488944,pigeonpeas,0.24,48,,2626.0,0
16,73,19,18.41645629,34.80541039,4.684079249,97.96484838000002,pigeonpeas,0.308,67,,2748.0,0
23,75,25,31.07508973,47.19847683,7.077170002000001,54.787538472,pigeonpeas,0.15,12,,2030.0,0
32,70,20,20.89342749,46.24856523,6.208843215,117.3418725,pigeonpeas,0.53,24,,2292.0,0
28,59,22,30.90607799,52.79913039,7.05181629,102.59518968000002,pigeonpeas,0.304,47,,2308.0,0
5,62,23,27.9348279,66.45457122,4.722222454,87.22372806,pigeonpeas,0.312,71,,2978.0,0
36,67,25,35.95176642,36.52780776,6.418062652000001,81.62740518,pigeonpeas,0.7,66,,1544.0,0
1,66,23,19.54317155,56.92831399,4.803564468,103.90119444,pigeonpeas,0.64,75,,2134.6,1
24,73,20,19.63736208,32.31528909,4.608695247,105.84804552,pigeonpeas,0.15,84,,2014.0,0
17,67,18,31.2192752,56.46868874,5.611510977000001,77.52171917999999,pigeonpeas,0.12,90,,1824.0,0
5,55,18,33.50876355,45.70976142,7.322097972000001,76.00428701999999,pigeonpeas,0.3,95,,2273.0,0
5,56,24,24.80710166,45.01110015,5.023115055,113.09571822,pigeonpeas,0.368,75,,3586.7000000000003,1
37,77,17,36.20970524,31.94550613,5.617122801,114.63951186,pigeonpeas,0.352,19,,1789.0,0
13,73,20,30.50420876,35.48885969,5.391560417999999,97.55566338,pigeonpeas,0.52,44,,1941.0,0
6,63,23,26.01630259,49.94704718,5.906596905,96.20024681999998,pigeonpeas,0.292,34,,3636.1,1
16,77,22,31.48469278,35.6395615,6.574209678,60.3280896,pigeonpeas,0.62,22,,1793.0,0
25,64,20,33.15122581,32.45974539,4.807776748999999,63.02281649999999,pigeonpeas,0.312,39,,3290.3,1
34,75,24,23.50222822,51.29019509,4.760038038999999,115.38143946,pigeonpeas,0.348,94,,2616.0,0
20,77,23,34.87248659,38.83786012,5.180271502,88.95016715999998,pigeonpeas,0.284,30,,2617.0,0
35,80,25,28.09269012,44.93322042,4.895927306,118.26864066,pigeonpeas,0.63,22,,2653.0,0
14,75,24,24.54757829,57.3414485,6.436160044,71.01639342,pigeonpeas,0.34,47,,1651.0,0
36,80,21,33.64769646,48.41490082,7.066087261,60.28039668,pigeonpeas,0.396,28,,1178.0,0
7,77,18,20.5591255,60.54880693,6.655918077999999,114.65370654,pigeonpeas,0.36,98,,1397.5,1
29,78,25,19.95991719,59.33157782,5.982854522999999,117.4722618,pigeonpeas,0.2,55,,2646.0,0
30,60,21,28.87667593,62.4901206,5.457871272999999,109.3612905,pigeonpeas,0.37,91,,2621.0,0
20,74,16,36.04353699,43.61444121,4.759490199,95.9363187,pigeonpeas,0.284,66,,2748.0,0
19,57,23,23.6734328,47.2879691,7.342409555,84.67504331999997,pigeonpeas,0.39,76,,1704.0,0
3,60,19,25.74679443,40.7192594,4.820788186000001,60.46749797999999,pigeonpeas,0.22,69,,2995.0,0
5,77,19,31.08564994,66.68832981,6.242052013,105.55819626,pigeonpeas,0.348,37,,2818.0,0
5,68,20,18.72987676,61.33186249,5.001038726,83.92260246,pigeonpeas,0.34,57,,1583.0,0
37,73,21,29.50304807,63.46513414,5.560224582999999,113.7125349,pigeonpeas,0.55,18,,1683.0,0
9,59,24,20.43517772,39.37252634,4.747352458,82.33677971999998,pigeonpeas,0.28,95,,2024.0,0
20,72,15,36.00415838,56.01334416,7.313517308,80.91578795999999,pigeonpeas,0.21,38,,2078.0,0
31,56,23,31.46846241,35.39454002,5.661826398,104.74343994,pigeonpeas,0.388,42,,1074.0,0
0,70,21,36.30049702,56.03021253,4.672437054,60.96443927999999,pigeonpeas,0.3,70,,1381.0,0
21,74,15,29.49096726,67.10604388,6.471862118,91.95027036,pigeonpeas,0.324,31,,2074.8,1
13,67,18,30.5753044,34.75591197,5.384762927000001,106.54585824,pigeonpeas,0.304,60,,2155.0,0
27,74,20,24.69487673,59.96669215,5.8598134160000015,55.174754604,pigeonpeas,0.49,69,,1436.0,0
29,72,24,23.17409556,36.67847052,6.962386495,97.55587583999998,pigeonpeas,0.336,42,,2394.0,0
5,68,20,19.04380471,33.10695144,6.12166671,93.22233744,pigeonpeas,0.48,10,,3861.0,1
39,57,19,29.32379604,45.93248374,6.421748487,99.24680226,pigeonpeas,0.356,26,,1571.7,1
22,62,16,34.6455408,54.32342534,4.828936119,108.54059988,pigeonpeas,0.56,19,,2715.0,0
18,55,23,21.9989826,56.31006755,6.98571967,82.09645871999999,pigeonpeas,0.4,48,,1722.0,0
39,77,21,22.99774444,60.24218572,4.603563116,95.8136034,pigeonpeas,0.11,33,,3668.6,1
13,75,20,30.55992394,35.29006485,6.979540061,107.33991666,pigeonpeas,0.43,54,,1204.0,0
27,71,24,31.46417866,48.17631461,7.064973419,99.24321240000002,pigeonpeas,0.33,69,,1923.0,0
26,64,22,25.95058595,40.58227261,5.16516459,65.50927098,pigeonpeas,0.43,32,,1701.0,0
23,55,16,21.01142393,69.69141302,5.111488821,111.12234684,pigeonpeas,0.59,72,,2641.0,0
4,69,19,19.25100056,47.70351758,5.374358869,89.4379176,pigeonpeas,0.52,13,,3372.2000000000003,1
20,67,19,19.24462755,50.54495302,5.671419084,108.38791692,pigeonpeas,0.34,43,,2971.8,1
7,74,17,22.47253208,62.56532471,5.667419697000001,58.048241736,pigeonpeas,0.44,53,,1945.0,0
17,64,18,36.75087487,58.25799145,6.07938452,74.76168918,pigeonpeas,0.32,47,,1689.0,0
35,71,17,29.89286629,66.35375127,6.931924962999999,118.88418018,pigeonpeas,0.62,80,,2801.0,0
11,72,22,29.37735586,44.82294584,6.842744374,103.441008,pigeonpeas,0.35,21,,3354.0,1
20,60,22,29.65052947,42.89833235,6.876572502999999,112.15356312,pigeonpeas,0.64,84,,2895.1,1
10,71,18,19.54284889,66.34777265,6.151029296,103.86641892,pigeonpeas,0.392,52,,1401.4,1
33,61,24,20.04611791,48.93905624,4.567446499,73.47385218,pigeonpeas,0.32,95,,2373.8,1
2,24,38,24.55981624,91.63536236,5.922935513,67.18107732,pomegranate,0.16,40,,1832.0,0
6,18,37,19.65690085,89.93701023,5.937649577999999,64.82753556,pomegranate,0.18,23,,2356.0,0
8,26,36,18.78359608,87.4024767,6.804781106,61.51108554,pomegranate,0.49,38,,1899.0,0
37,18,39,24.1469628,94.5110662,6.424670614,66.13899798,pomegranate,0.37,98,,1968.2,1
0,27,38,22.44581266,89.90147027,6.7380162210000005,65.63435988,pomegranate,0.53,24,,1775.0,0
31,25,38,24.96273236,92.40501423,6.4973666770000005,65.65015152,pomegranate,0.3,73,,2415.0,0
21,21,38,22.5526059,89.32594859999998,6.327673765,62.93733858,pomegranate,0.62,91,,2140.0,0
6,30,40,22.77035608,91.45498527,6.36137446,64.17955206,pomegranate,0.24,88,,2866.0,0
25,27,41,19.20090378,94.27659596,6.9235093710000015,64.8254133,pomegranate,0.34,33,,2813.0,0
15,11,38,23.12808226,92.68328358,6.630646082999999,65.63580942,pomegranate,0.17,72,,1093.0,0
14,5,36,24.92639065,85.19098079,5.832525853,62.86162824,pomegranate,0.388,18,,1215.0,0
16,10,41,24.77464458,85.63608688,6.738993954,63.45574866,pomegranate,0.16,91,,1509.0,0
36,7,37,19.8671184,86.35590206,5.782435567,64.99013147999999,pomegranate,0.388,18,,1920.0,0
4,20,41,24.26601316,93.7974061,6.537042717,62.72250654,pomegranate,0.55,51,,2144.0,0
29,22,40,23.62600218,89.73266695,6.145104401,64.61021226,pomegranate,0.328,46,,3013.4,1
16,15,42,19.67832052,89.08935702,6.890784045,65.12811798,pomegranate,0.36,63,,1032.0,0
18,27,41,22.36509395,92.30882391,7.175344328,62.89297998,pomegranate,0.364,33,,1138.0,0
11,18,42,21.57936934,94.88267728,5.938528744,61.71560292,pomegranate,0.46,38,,2432.3,1
5,15,38,18.26233221,88.16779129,5.709380472,64.84540362,pomegranate,0.22,71,,1018.0,0
18,23,44,23.71028128,89.61794165,6.184400085,63.38999442000001,pomegranate,0.33,17,,2237.3,1
9,8,40,22.48720144,89.9224883,6.553509673,66.99789492,pomegranate,0.21,68,,1352.0,0
40,27,45,21.66024980000001,94.79397419,5.885638185,67.46098134,pomegranate,0.11,39,,2115.0,0
22,23,44,20.13037175,89.31505137,6.1438746910000015,64.40501477999999,pomegranate,0.27,62,,1932.0,0
9,16,39,18.41164435,91.11927248,6.101198974,63.11009856,pomegranate,0.17,88,,2400.0,0
12,29,40,19.68291173,89.75272999,6.594037135,66.76911306,pomegranate,0.32,97,,1853.0,0
0,17,42,23.20242586,91.19442671,6.8598408210000015,65.45677938,pomegranate,0.12,69,,1605.0,0
2,21,44,18.92157197,87.31290342,6.56893406,61.6807965,pomegranate,0.328,31,,1366.3,1
28,6,40,22.10621387,91.34039616,6.769855664,64.12228818,pomegranate,0.384,72,,2040.0,0
8,23,44,18.47412402,89.68919664,7.130837931,65.08551054,pomegranate,0.15,51,,3630.9,1
29,16,36,19.81069447,88.92944254,5.7403380020000006,61.7160504,pomegranate,0.61,30,,1251.0,0
17,18,43,24.4880844,90.83687246,5.843005428,61.91816046,pomegranate,0.392,42,,2748.2000000000003,1
34,21,42,18.75927679,89.93457597,6.648687273999999,66.61180464,pomegranate,0.288,83,,2369.0,0
21,23,42,19.54128063,90.29751796,6.902751061,62.62439267999999,pomegranate,0.29,99,,1582.0,0
25,17,40,18.91251245,87.74938524,6.608023872,66.76803095999999,pomegranate,0.28,27,,2645.0,0
8,25,36,19.91330523,94.95031368,6.828522375,62.41662366,pomegranate,0.11,25,,2237.0,0
26,18,42,19.72620525,89.64934166,6.910374919,64.93723655999999,pomegranate,0.13,50,,2208.7000000000003,1
4,19,42,23.83185873,87.84034604,6.306605528,66.73396296,pomegranate,0.2,87,,2101.0,0
36,24,41,24.94467632,94.25702672,7.009180374,62.32796082,pomegranate,0.53,78,,1049.0,0
5,24,40,24.692258,93.87030088,6.297907578999999,62.80412723999999,pomegranate,0.64,61,,1167.0,0
19,17,39,24.72485577,85.56083187,6.728599215,66.76725504,pomegranate,0.39,27,,1986.0,0
39,30,38,20.12644921,87.59629625,6.965156737999999,64.8393474,pomegranate,0.38,80,,1706.9,1
5,29,44,21.02432943,93.0569505,5.578095745,62.87082036,pomegranate,0.6,22,,3300.7000000000003,1
4,24,43,22.40423537,88.1508343,7.199504273,65.92171176,pomegranate,0.52,76,,1521.0,1
38,21,35,20.33691147,89.38003827,5.841367187,66.57918821999999,pomegranate,0.64,32,,2104.0,0
37,11,36,24.24779615,85.56033312,6.710143266,64.15296198,pomegranate,0.392,92,,1992.0,0
9,25,41,24.81530144,91.90842992,5.972714857000001,65.57120508,pomegranate,0.388,49,,3372.2000000000003,1
29,22,43,19.66329768,87.95158129,5.561851831,63.6228483,pomegranate,0.352,46,,1979.0,0
5,21,38,22.43377991,90.3396556,6.107054807999999,67.4758182,pomegranate,0.2,70,,3699.8,1
22,26,38,22.92052307,85.12912161,6.988035315,66.14627046,pomegranate,0.5,57,,2289.3,1
4,18,37,22.91843172,85.40695044,7.13147457,63.76906236,pomegranate,0.364,48,,3190.2000000000003,1
21,6,41,24.88244467,89.39686219,7.086947687,64.31710242,pomegranate,0.336,24,,2684.0,0
29,21,45,23.40981539,93.13277,6.749260456,63.13444457999999,pomegranate,0.69,93,,1989.0,0
23,5,44,21.20725375,94.26304717,7.16300467,64.53964824,pomegranate,0.11,35,,3435.9,1
13,7,43,18.20230419,91.12282162,7.013481515,65.79743844000001,pomegranate,0.34,26,,1974.0,0
5,13,37,22.34375696,89.7870345,5.648243648999999,61.99098443999999,pomegranate,0.63,21,,1183.0,0
27,24,41,24.32770134,90.88292835,6.610251186,66.27638754,pomegranate,0.352,47,,1341.0,0
7,23,35,19.75088482,88.71691157,7.054313822999999,61.5322821,pomegranate,0.368,12,,3881.8,1
12,20,39,19.86173586,86.19740917,6.026999326,66.61307574,pomegranate,0.34,23,,2193.0,0
4,19,43,18.07132963,93.14554876,5.7794274020000005,63.81612138,pomegranate,0.21,53,,1270.0,0
3,9,45,23.89162561,89.61850203,6.535244251,62.7705132,pomegranate,0.41,42,,2667.0,0
1,27,36,23.98598756,93.34236582,5.684995235,62.99476919999999,pomegranate,0.45,63,,2273.0,0
23,30,44,20.93892916,85.42912869,6.12476108,61.81775628,pomegranate,0.56,32,,2168.4,1
24,21,42,20.82210727,87.22815682,6.999014379,65.66579604,pomegranate,0.2,49,,1567.0,0
13,30,37,20.86474944,91.61793636,6.277148771,64.12113816,pomegranate,0.11,65,,1953.0,0
40,11,44,24.45840036,86.10874614,6.322396027000001,66.82678158,pomegranate,0.356,50,,2475.2000000000003,1
21,9,40,24.51147697,90.64498715,5.956401828,63.37259724,pomegranate,0.292,59,,1658.8,1
3,27,44,24.56811204,92.03009222,6.591302797000001,66.57803364,pomegranate,0.19,93,,1443.0,0
40,29,42,24.63228709,89.01574455,7.104094929,66.41737103999999,pomegranate,0.372,97,,3621.8,1
14,25,40,20.07386547,90.97819712,6.407872061,62.2250433,pomegranate,0.41,64,,1555.0,0
38,14,37,21.80523051,94.63612858,6.658402594,61.58933076,pomegranate,0.54,97,,1383.0,0
34,9,36,22.8122645,86.34233767,6.276038961,66.26593758,pomegranate,0.32,60,,1341.6000000000001,1
32,14,37,22.73031253,88.48567856,6.825256236,62.81059458,pomegranate,0.332,68,,2767.7000000000003,1
18,21,35,23.2801227,94.94330457,6.368560522,66.68292575999999,pomegranate,0.6,13,,2804.1,1
8,23,38,19.30106297,87.1775172,7.005410734,63.28599546,pomegranate,0.328,97,,1510.6000000000001,1
15,6,41,19.0087067,88.83768149,6.8973684770000006,65.20763868,pomegranate,0.55,75,,1710.0,0
0,5,36,24.35193812,90.88612388,6.152906502,63.317511,pomegranate,0.63,57,,1744.0,0
22,9,44,24.72235539,88.87651295,5.744361602000001,67.31559102,pomegranate,0.312,52,,3333.2000000000003,1
14,8,43,21.92513945,94.46485312,7.051654924,67.02972095999998,pomegranate,0.32,16,,1090.0,0
31,11,45,24.83954414,86.88738076,6.034612928,64.58614625999999,pomegranate,0.27,64,,3200.6,1
39,17,45,18.09691127,90.42177379,6.9244907310000015,62.92913399999999,pomegranate,0.7,36,,3729.7000000000003,1
10,5,42,20.24104904,91.08706822,6.887005997,65.55226404,pomegranate,0.324,89,,2750.8,1
8,28,38,23.22594,94.42971362,6.8444019,63.41507136,pomegranate,0.11,79,,1375.0,0
32,13,42,23.50128217,92.97527546,5.786058032000001,63.97143,pomegranate,0.352,39,,1478.0,0
18,9,40,19.44623085,89.02127045,5.627186257000001,63.69640998,pomegranate,0.45,44,,2539.0,0
20,27,41,20.51343484,92.51675903,5.700088663,66.34584138,pomegranate,0.66,89,,2949.0,0
39,25,36,18.90223032,94.99897537,5.567805185,64.56619266,pomegranate,0.35,38,,1331.0,0
20,7,45,18.90592319,89.24126808,6.077886012,67.48505646,pomegranate,0.66,97,,1434.0,0
11,10,45,22.63045168,88.45577158,6.397995609,65.42145581999999,pomegranate,0.24,25,,2160.0,0
40,18,43,19.38603815,86.79058496,5.767372539,65.94785904000001,pomegranate,0.384,17,,1040.0,0
3,26,39,24.38318965,91.19431555,7.079973241,62.16072684,pomegranate,0.38,19,,2690.0,0
9,16,36,23.77989026,92.93386903,5.893332377999999,64.1866338,pomegranate,0.312,52,,1280.0,0
30,20,38,22.59890174,93.16343942,7.058222596,66.05597394,pomegranate,0.32,88,,2679.0,0
40,9,41,24.37766782,85.4017118,5.78270695,63.6770028,pomegranate,0.39,94,,2857.4,1
40,30,35,20.89273273,91.07776977,6.269663962999999,62.66442497999999,pomegranate,0.47,56,,2061.0,0
32,25,35,18.09903225,85.70786282,5.892913826,64.20305856,pomegranate,0.332,15,,2285.0,0
33,23,45,20.00218987,85.83618191,7.116538883,67.4022276,pomegranate,0.44,24,,1161.0,0
4,14,41,19.85139326,89.80732335,6.430163481,61.69118148,pomegranate,0.384,71,,2700.1,1
13,17,45,21.25433607,92.65058936,7.159520979,63.76708038,pomegranate,0.292,76,,2947.0,0
39,24,39,23.65374106,93.32657504,6.431265737,65.88457068,pomegranate,0.392,71,,2448.0,0
8,28,37,23.88404783,86.20613842,6.082571701,64.98730734,pomegranate,0.23,47,,1327.0,0
91,94,46,29.36792366,76.24900101,6.149934034,55.697045466,banana,0.48,37,,1557.0,0
105,95,50,27.33368994,83.67675197,5.849076099,60.62968746,banana,0.304,63,,2162.0,0
108,92,53,27.40053601,82.96221306,6.276800323,62.96267999999999,banana,0.316,46,,2446.0,0
86,76,54,29.3159075,80.11585705,5.926824754,54.065868768,banana,0.23,35,,2796.0,0
80,77,49,26.05433004,79.39654531,5.519088423,67.93784237999999,banana,0.356,52,,1946.1000000000001,1
93,94,53,25.86632408,84.42379269,6.079178787999999,68.72145018,banana,0.22,36,,3571.1,1
90,92,55,27.00932084,80.18546798,6.13465588,58.39519023,banana,0.59,10,,1232.0,0
108,89,53,29.55054817,78.06762846,5.808497603999999,59.60689342799999,banana,0.25,59,,2298.0,0
108,88,55,26.28845991,83.390039,5.891458107,68.32378788,banana,0.12,12,,1475.5,1
105,77,52,29.16226551,76.16151562,5.816622478999999,60.00454074,banana,0.364,53,,1044.0,0
118,88,52,28.65003945,82.68752542,5.8431631610000005,59.250506196,banana,0.21,32,,1030.0,0
101,87,54,29.07311132,76.50045221,6.376756632999999,60.10155834,banana,0.66,53,,1027.0,0
95,75,50,28.08166093,75.26429821,5.623615687000001,70.96571364,banana,0.372,38,,1072.0,0
106,85,53,27.1994597,78.80860679999998,5.91505509,59.83458501,banana,0.63,98,,1869.4,1
86,95,49,28.05484146,78.04602887,6.458714879,65.03743073999999,banana,0.19,96,,2830.1,1
83,79,55,25.14748006,83.34688193,5.565028635,59.20007656199999,banana,0.344,40,,1931.0,0
85,95,47,25.94019018,78.3422098,6.211833161,71.908782,banana,0.4,98,,2106.0,0
109,79,45,27.66752761,79.68542782,6.490074429,65.198784,banana,0.352,27,,1922.0,0
100,76,45,25.56703012,75.94067692,5.590236025,61.67206302,banana,0.4,16,,2841.0,0
117,86,48,28.6956201,82.54195839,6.225225238999999,69.69701033999999,banana,0.59,66,,1951.0,0
114,94,53,26.33544853,76.8532006,6.190757458999999,71.21149577999999,banana,0.64,35,,2913.0,0
110,78,50,25.93730186,78.89864446,5.915568968,58.930485168,banana,0.392,73,,2585.7000000000003,1
94,70,48,25.13686519,84.88394407,6.195152442,54.878654946000005,banana,0.59,92,,1128.0,0
80,71,47,27.50527651,80.79783998,6.156373499,63.04661951999999,banana,0.61,55,,2100.0,0
114,79,51,26.21009246,82.34429458,6.313197204,67.24200198,banana,0.328,94,,2840.5,1
88,78,45,29.10403455,79.19588629,6.324270089,55.247014566,banana,0.58,42,,3815.5,1
112,73,48,29.244063800000006,77.32017166,5.7074889870000005,54.400367208,banana,0.296,71,,2052.0,0
117,76,47,25.56202173,77.38229006,6.119216009,55.861483098,banana,0.296,43,,1243.0,0
111,87,48,26.3985515,81.36028902,5.571401169,58.900512006,banana,0.396,15,,1496.0,0
89,83,47,28.09577643,77.79586769,5.63127166,65.72451683999999,banana,0.368,27,,1322.0,0
93,91,47,27.84767901,83.31110751,6.101241579,70.37273472,banana,0.56,20,,1703.0,0
92,81,52,27.39341554,81.4654833,6.438137278999998,56.586612342,banana,0.68,97,,1899.3,1
105,74,45,25.14517635,81.38204104,6.098369122,71.5308924,banana,0.66,93,,1148.0,0
102,71,48,28.65456263,79.28693687,5.695267822000001,61.4780265,banana,0.11,23,,2273.0,0
94,91,51,29.16093424,76.67484233,5.6180944460000015,65.7455664,banana,0.43,14,,2426.0,0
116,71,47,27.57278064,82.0638878,6.435785799,54.805659042,banana,0.41,39,,2197.0,0
117,79,49,25.40909896,82.36208097,6.176644228,67.78768824,banana,0.356,77,,3790.8,1
119,72,55,25.99069521,83.33983116,6.220643671,67.24662912,banana,0.21,91,,1979.9,1
99,73,53,26.29039046,81.06003778,5.8717022110000014,71.20382196,banana,0.34,43,,2980.0,0
91,84,52,29.14827211,78.71024836,6.390741836,70.5220686,banana,0.292,49,,2026.0,0
80,90,47,26.59743595,79.35898915,6.21084479,64.43668301999999,banana,0.364,27,,1186.0,0
101,70,48,25.36059237,75.03193255,6.012696655,69.9318873,banana,0.13,81,,1181.0,0
108,89,53,29.12036889,80.18080728,5.908770059,67.4389233,banana,0.32,66,,2928.0,0
100,80,52,27.53911354,77.25629897,6.049801781,66.19572738,banana,0.55,10,,1534.0,0
109,91,53,29.66727337,83.51014178,6.010095852999999,66.15066612,banana,0.35,23,,2318.0,0
82,78,46,25.05802193,84.97323747,5.738678895,66.26452818,banana,0.57,48,,2262.0,0
106,70,55,25.86824781,78.52399914,5.74055541,69.7811733,banana,0.392,27,,2371.0,0
90,86,52,25.85036988,81.95580471,5.793260262,71.45137025999999,banana,0.48,25,,1663.0,0
83,95,50,26.51682337,77.79913575,5.50947065,65.31285048,banana,0.29,36,,1343.0,0
119,90,48,28.66725136,79.59242542,5.986442306,70.95500645999999,banana,0.48,41,,1176.0,0
107,72,45,28.14938935,81.54448882,5.790768046,54.843050484,banana,0.23,10,,1223.0,0
116,81,55,26.42313317,83.69950440000002,5.915546415,57.073932372,banana,0.41,38,,3634.8,1
101,75,50,26.59386409,81.40740301,6.242528277999999,65.98953306,banana,0.44,80,,2042.0,0
93,81,50,27.71822477,76.57853189,6.0360792660000016,61.32599016,banana,0.296,92,,2152.0,0
95,75,45,28.98333432,82.95958244,5.829898502000001,65.4135384,banana,0.3,80,,1286.0,0
107,71,55,29.42017919,83.96754496,6.088064451,70.3374474,banana,0.14,63,,1487.0,0
83,94,47,27.39872329,81.10523402,6.469370954,67.28132304,banana,0.56,21,,1131.0,0
102,73,54,26.4020227,84.41007614,5.720726906,66.60973553999999,banana,0.392,17,,1771.0,0
86,79,45,27.81251452,82.69285419,5.80766417,59.525769084,banana,0.47,44,,2207.4,1
117,86,53,25.19640218,83.55829874,5.703381727999999,69.51516486,banana,0.48,29,,2295.0,0
111,79,53,28.31193338,75.77363772,6.165001277999999,71.817459,banana,0.48,17,,1657.0,0
95,74,50,25.90113128,80.47152737,6.002481605,66.061938,banana,0.63,53,,1914.0,0
91,75,55,27.48612983,76.11239849,6.212369363,65.56613106,banana,0.388,97,,2915.0,0
93,83,46,29.38254012,83.50423735,5.765308943,65.54919882,banana,0.15,15,,1391.0,0
92,85,51,29.22118628,81.08183635,5.740764682000001,65.31698843999999,banana,0.36,72,,2750.8,1
104,80,54,27.09062164,81.33506906,5.879119455,66.07987091999999,banana,0.15,86,,2995.0,0
103,72,51,26.12643374,81.81365007,6.099478745,62.68877147999999,banana,0.11,37,,1930.5,1
92,75,45,29.01207743,77.95192527,5.674403358999999,54.260972658,banana,0.296,49,,3027.7000000000003,1
93,85,49,27.96799119,79.28625709,5.694243847,71.68593342,banana,0.34,99,,2678.0,0
120,87,52,28.0764455,76.05522115,5.905494703,71.39541437999999,banana,0.7,34,,2755.0,0
108,72,46,25.16278237,84.97849241,6.110844721,54.56732770799999,banana,0.292,69,,2846.0,0
105,88,54,25.78749808,84.51194224,6.020445317,68.5203273,banana,0.35,28,,1124.0,0
98,79,50,25.34119774,84.47321314,6.435917308,54.638960118,banana,0.31,81,,1582.0,0
111,88,55,29.44795403,78.34971537,5.505393832999999,57.87025551,banana,0.45,72,,1074.0,0
97,74,45,26.47522633,78.51833782,5.677719902000001,67.8696657,banana,0.25,87,,1898.0,0
95,82,48,27.39489579,83.31172003,5.719014989,55.668801702,banana,0.44,58,,2140.0,0
89,91,55,25.08347445,80.26173100000003,6.275572297999999,56.597768736,banana,0.49,19,,2770.3,1
89,85,55,26.671983500000003,76.48541655,6.275384607,55.040151414,banana,0.27,46,,1844.0,0
118,88,51,25.44926208,79.49221962,6.201911642000001,60.39715026,banana,0.4,45,,3693.3,1
101,92,45,28.22776705,80.64303840000002,5.758054257,58.802418096,banana,0.3,90,,2235.0,0
99,92,47,28.127950899999995,77.48247073,6.3239336470000005,62.1027237,banana,0.14,51,,1634.0,0
82,77,46,28.9470467,82.1888998,5.901100841,57.49809868799999,banana,0.66,16,,1827.0,0
90,86,55,27.96236771,84.15403614,5.644486582000001,58.535920056,banana,0.292,31,,2268.0,0
95,88,52,28.00316034,78.90085998,6.235461772000001,56.809081896,banana,0.43,16,,2780.7000000000003,1
104,73,46,29.1400919,80.1190228,6.28236237,54.270857202,banana,0.388,16,,2267.2000000000003,1
102,73,52,27.9122104,83.36307683,6.356090905,54.145269174,banana,0.22,71,,2423.2000000000003,1
100,74,52,25.43480512,81.53977797,5.837258235,57.886802346,banana,0.33,81,,2440.0,0
94,89,48,28.55980972,84.51602322,5.653437902,66.65058173999999,banana,0.53,44,,1928.0,0
99,70,46,26.59580783,82.99556744,5.727469947,60.30740046,banana,0.316,35,,2030.6000000000001,1
112,87,48,27.19711623,77.39706290000002,6.200111067999999,59.68170279,banana,0.304,25,,3494.4,1
117,82,45,25.29391516,79.29122198,5.614471478,63.25321506,banana,0.4,93,,2316.6,1
96,86,51,29.90888522,76.98740841,6.257369799,55.199788272,banana,0.32,61,,2501.0,0
113,85,45,27.94972463,76.63713353,6.037430836,65.45529785999999,banana,0.67,75,,1590.0,0
105,93,46,25.01018457,78.76260938,5.760457558,65.02143077999999,banana,0.51,71,,3203.2000000000003,1
85,89,51,29.21144871,84.70189923,6.1581644220000005,65.13008658,banana,0.15,60,,1281.0,0
108,94,47,27.35911627,84.54625006,6.387431382999999,54.487502742,banana,0.348,45,,1849.9,1
92,81,52,28.0106804,76.52808057,5.891413895,62.22244698,banana,0.23,79,,3339.7000000000003,1
110,71,54,28.67208915,82.20793613,5.725418961,56.627924976,banana,0.284,19,,2511.0,0
82,75,55,27.34585147,78.48738349999998,6.281069505,55.293145992,banana,0.324,25,,2776.8,1
117,81,53,29.50704598,78.20585613,5.507641777999999,58.875394974,banana,0.324,40,,1466.4,1
2,40,27,29.73770045,47.54885174,5.954626604,54.057521124,mango,0.284,32,,1359.0,0
39,24,31,33.55695561,53.72979826,4.757114897,59.205165366,mango,0.2,66,,3807.7000000000003,1
21,26,27,27.00315545,47.67525434,5.6995869720000005,57.510709956,mango,0.15,97,,2907.0,0
25,22,25,33.56150184,45.53556603,5.977413802999999,57.423155478,mango,0.34,32,,3217.5,1
0,21,32,35.89855625,54.25964196,6.430139436,55.318330416,mango,0.4,99,,2112.0,0
20,19,35,34.17719782,50.62161586,6.113935087000001,58.80412793399999,mango,0.18,10,,1606.8,1
19,21,34,30.01592643,53.19212381,5.074272692,58.637059092,mango,0.24,58,,2809.0,0
18,17,31,31.74592134,45.16127859,5.667507706,56.252649516,mango,0.32,37,,1367.0,0
11,36,33,35.99009679,52.22780489,5.978634285,57.22280904,mango,0.68,24,,1417.0,1
30,28,30,31.86641378,52.19331595,5.064613314,59.080611852,mango,0.33,96,,1093.0,0
18,19,27,27.75518664,52.34605806,4.772385986000001,56.46728007,mango,0.4,80,,2750.0,0
23,23,27,34.72413192,51.4271781,5.161148592,58.387548498,mango,0.316,94,,2242.5,1
37,30,34,27.53907547,53.63549533,6.797779227,59.61244911,mango,0.56,98,,3710.2000000000003,1
11,27,30,27.69637763,48.56224879999999,6.39474303,53.913878976,mango,0.54,91,,1759.0,0
12,19,31,27.25373364,52.66319725,5.566704378,55.123874874,mango,0.356,58,,2871.0,0
3,28,33,30.33723921,48.88704844,5.755049971,56.657103132,mango,0.352,40,,2649.0,0
37,38,32,31.85744939,45.53106268,5.417340525,54.935074926,mango,0.55,19,,1402.0,0
26,37,30,35.39986338,49.45962621,6.166173833999999,58.446324066,mango,0.5,81,,2233.0,0
14,18,30,29.80747243,52.13797867,5.191265116,57.447636624,mango,0.28,19,,2576.0,0
40,16,35,34.16438906,54.16482251,4.954739564,59.00010675,mango,0.57,86,,3438.5,1
4,20,25,28.93270187,47.94053996,5.664587011,59.99005452,mango,0.2,26,,2854.8,1
36,25,33,27.98392787,53.33018851,5.548584852,59.768794074,mango,0.42,74,,1879.8,1
30,17,31,31.20478173,54.49960506,6.804437106,56.777727978,mango,0.49,37,,2663.0,0
28,37,28,32.13409675,50.52559148,6.097869767000001,59.180002104,mango,0.4,26,,1062.0,0
38,15,30,28.91862016,48.13974548,5.075504537,58.207989624,mango,0.46,87,,1887.0,0
12,37,30,31.09779147,47.41196659,4.546466109,54.171746088,mango,0.58,58,,2327.0,0
38,19,31,34.73823882,49.08864345,5.855119267999999,54.390133098,mango,0.388,46,,1548.0,0
8,33,29,29.98080499,49.48613279,6.442393461,55.093629408,mango,0.36,23,,2691.0,1
15,27,28,33.80398664,46.12866113,4.507523551,54.49529544599999,mango,0.356,91,,2445.0,0
34,16,25,30.07202564,50.96040505,6.10729559,55.257658596,mango,0.34,77,,2781.0,0
11,36,31,27.92063282,51.77965917,6.47544932,60.15514037999999,mango,0.53,27,,2652.0,0
33,29,34,31.40948821,49.21729127,6.832979508999999,55.79843649,mango,0.3,10,,2510.3,1
12,31,26,35.7877738,51.94190321,5.395275719,60.1296369,mango,0.336,75,,2322.0,0
12,34,28,33.36140093,45.02236377,6.13526938,59.28957926999999,mango,0.53,42,,2391.0,0
5,16,31,35.96054636,48.69677802,4.555688532,58.803865428,mango,0.38,64,,1752.0,0
1,30,29,28.33333307,51.39586505,6.4341977560000005,55.003450566,mango,0.348,30,,1826.5,1
16,35,31,32.27652024,50.19368841,5.316875978000001,57.596922408000005,mango,0.27,30,,2527.0,0
35,18,26,31.99490489,50.84881347,5.279388967,58.432448988,mango,0.296,39,,3530.8,1
4,40,26,27.58258929,48.56916221,6.720041791,57.50673846,mango,0.23,33,,2737.8,1
9,29,34,29.38471637,45.88744691,5.72742254,60.48747954,mango,0.27,96,,1863.0,0
2,38,33,32.38697531,53.2328243,4.691396195,54.129799296,mango,0.67,80,,1225.0,0
26,32,32,30.91471455,49.92963856,6.810186079,54.084286554,mango,0.364,12,,3182.4,1
34,38,31,35.37775595,45.58110023,6.454045329,58.449518412,mango,0.46,71,,1164.0,0
5,32,33,32.32362177,52.58967710000001,5.842763773,56.020312896,mango,0.15,28,,1239.0,0
31,29,26,28.22373428,47.40519056,5.024124683999999,58.660993932,mango,0.32,47,,3263.0,1
34,34,35,27.27433181,47.16808054,6.422710539,57.1547952,mango,0.372,99,,1782.3,1
36,19,32,27.10710832,50.70880979,4.94295037,55.423433268,mango,0.43,75,,3728.4,1
7,17,26,34.89226666,48.75613373,6.414526606,54.978447282,mango,0.46,74,,2354.3,1
38,15,27,33.7462686,48.50387598,6.777788126,55.35863523,mango,0.49,56,,1208.0,0
5,19,25,27.351105600000004,54.43945147,6.441328044,57.766755282,mango,0.288,20,,1872.0,0
37,36,26,32.89300162,52.61323969,4.650536197,56.694968232,mango,0.396,96,,1649.7,1
21,31,32,35.38598705,51.42664176,5.254532213,54.177863328,mango,0.2,43,,2009.0,0
37,36,27,27.552973600000005,47.90859131,5.910634533,54.241996224,mango,0.328,95,,1536.0,0
23,23,30,32.82141065,47.45553843,4.755273631000001,54.535038636,mango,0.57,27,,3703.7000000000003,1
36,26,26,30.17294105,51.0845903,6.814630246,57.140665722,mango,0.59,47,,1711.0,0
24,33,35,29.26382931,54.82257868,5.342866119,60.45517355999999,mango,0.364,39,,2816.0,0
26,18,30,32.06097197,51.08494181,6.336234623999999,57.958898982,mango,0.16,20,,1121.0,0
22,17,26,28.69818144,47.71875722,4.754435025,59.7854724,mango,0.32,67,,2498.0,0
11,34,32,29.14305008,49.40983294,6.831706773,58.530933222,mango,0.36,69,,2072.0,0
29,35,28,28.347161100000005,53.53903102,6.9674177660000005,54.24156267,mango,0.21,88,,1637.0,0
22,28,26,27.67256197,45.41692012,4.947683034,55.709949042,mango,0.24,95,,1123.0,0
23,24,32,28.1218093,46.16888595,5.630619901,55.981484688,mango,0.63,20,,2232.0,0
1,35,34,30.79375683,46.69536813,6.27339822,55.32791133,mango,0.17,39,,2568.8,1
2,24,34,28.89409382,54.80750249,6.472774648,56.857937856,mango,0.28,17,,2683.0,0
39,37,25,33.33024826,45.61143594,6.953246506,58.971498078,mango,0.56,85,,3065.4,1
15,36,27,27.78912455,53.96886679,5.6437102160000014,54.606917982,mango,0.49,28,,1766.0,0
3,18,31,31.65333432,48.20662669,6.392313972999999,54.658473486,mango,0.372,30,,1583.0,0
8,38,32,29.75150773,46.73723302,4.981816523,54.8435898,mango,0.372,11,,2362.1,1
33,31,34,31.32995611,50.22287593,5.421265282999999,53.869297008,mango,0.7,57,,1447.0,0
14,29,32,35.63627319,48.97047762,6.942520105,58.511712246,mango,0.332,10,,2366.0,1
18,20,26,31.66524687,51.98594645,5.435840509,53.988145872,mango,0.49,49,,1198.0,0
9,21,32,32.26935342,53.56092806,5.870116071,57.564212136,mango,0.28,73,,2745.6,1
20,30,27,27.81005614,51.59445462,4.74910393,57.539391486,mango,0.66,10,,1543.0,0
9,38,25,34.58561471,50.34035336,5.497946899,60.18364314,mango,0.24,91,,1504.1000000000001,1
26,24,34,31.27180992,52.23810152,6.811291098,53.846454102,mango,0.328,80,,1216.0,0
31,36,29,33.93679864,52.72170281,6.460542749,58.47671507999999,mango,0.36,39,,2151.5,1
14,18,35,31.09154239,47.02058367,4.791146778,54.879985908,mango,0.17,62,,2391.0,0
40,16,35,31.89356292,49.02450149,6.4841522000000005,53.756228886,mango,0.36,70,,2012.0,0
28,27,34,32.45465292,50.69693751,6.526654345,57.02922963,mango,0.23,20,,2967.9,1
0,17,30,35.47478322,47.97230503,6.279133738,58.674434844,mango,0.54,87,,1698.0,0
1,29,29,27.32961444,49.30347234,6.052026047000001,56.119184154,mango,0.38,56,,1812.0,0
2,36,31,30.90225239,49.95955487,5.73171945,55.065135588,mango,0.48,13,,2641.0,0
12,27,26,29.09382275,45.5661059,5.32307197,57.741120258,mango,0.312,18,,2639.0,0
7,28,35,30.02086169,46.78393776,4.66910839,57.98232616199999,mango,0.32,94,,1467.0,0
0,36,26,34.13072188,51.25786185,5.101206389,57.83284800599999,mango,0.49,68,,1961.0,0
26,35,31,33.44619894,53.05980465,5.339556562,58.830536364,mango,0.52,31,,2390.7000000000003,1
27,21,30,35.3915464,52.48823147,5.061081874,54.737286312,mango,0.25,86,,1116.0,0
22,38,31,31.53356352,53.06009323,5.8211060360000015,59.142150276,mango,0.58,53,,1165.0,0
22,18,31,30.764551500000003,47.93791463,5.956027059,54.231020814,mango,0.336,62,,1406.6000000000001,1
28,23,28,30.01821337,50.09831810000001,5.676032581,57.652470492,mango,0.296,44,,1892.8,1
7,31,27,31.32863689,47.59319575,6.524114355,56.804068422,mango,0.35,39,,1556.0,0
29,34,26,33.88004781,54.39416048,6.2739536760000005,53.57488548599999,mango,0.368,70,,1929.0,0
8,37,33,28.07802689,54.9640534,6.128167757000001,58.472241714,mango,0.61,66,,1734.0,0
39,16,27,35.53845018,52.94641947,4.934964765,54.927362562,mango,0.18,30,,2630.0,0
40,24,25,28.70595247,50.44030129,5.445008416,57.53678664,mango,0.292,26,,1007.0,0
19,38,26,31.48451729,48.77926304,4.525722333,55.903331802,mango,0.388,62,,1461.0,0
21,21,30,27.69819273,51.41593238,5.403908327999999,60.4632423,mango,0.32,99,,1520.0,0
22,18,33,30.41235793,52.48100602,6.621623545,56.354255274,mango,0.43,16,,1176.0,0
31,20,30,32.17752026,54.01352682,6.207495815,55.132596414,mango,0.42,11,,3169.4,1
18,26,31,32.611261400000004,47.74916499,5.418475257000001,54.661144554,mango,0.3,26,,2564.9,1
24,130,195,29.99677232,81.54156612,6.112305667,40.275206952,grapes,0.396,41,,2233.0,0
13,144,204,30.7280404,82.42614055,6.092241627000001,41.028812814,grapes,0.13,25,,1324.0,0
22,123,205,32.44577836,83.88504863,5.896343436,41.243595168,grapes,0.308,52,,2352.0,0
36,125,196,37.46566825,80.65968681,6.15526103,40.103233758,grapes,0.38,77,,3186.3,1
24,131,196,22.03296178,83.74372787,5.732453638,39.206644764,grapes,0.344,18,,2860.0,0
2,123,198,39.64851881,82.21079946,6.253034534,42.239436324,grapes,0.25,74,,1180.0,0
35,140,197,16.77557314,82.75241875,6.106190557000001,40.057712814,grapes,0.64,34,,3151.2000000000003,1
11,122,195,12.14190714,83.56812483,5.647202395,41.778732162,grapes,0.372,24,,2971.8,1
6,123,203,12.7567962,81.62497448,6.130310493,40.067067402,grapes,0.43,70,,2199.6,1
17,134,204,39.04071989,80.18393287,6.499604931,44.330802162,grapes,0.53,11,,3642.6,1
25,130,197,39.70772192,82.68593454,5.554831977,44.949037302,grapes,0.36,39,,2425.0,0
27,145,205,9.467960445,82.29335466,5.800242694,39.616591314,grapes,0.59,56,,2428.0,0
9,122,201,29.58748357,80.91934392,5.570290539,40.838503842,grapes,0.55,46,,2471.3,1
16,139,203,17.82803682,80.96093443,6.27564088,39.508492578,grapes,0.292,86,,3443.7000000000003,1
32,141,204,8.825674745,82.89753705,5.536645599,40.341459,grapes,0.59,51,,2095.0,0
22,138,195,27.83487131,83.51444973,6.208196881,43.817296596,grapes,0.48,35,,1937.0,0
31,144,202,11.02105378,80.55557235,5.870600622,40.943778966,grapes,0.308,47,,1963.0,0
3,136,205,17.5862944,80.84806564,6.334771461,42.84392712000001,grapes,0.308,87,,2484.3,1
28,122,197,19.89363946,82.73366439,5.856575335,41.797540896,grapes,0.45,19,,3008.2000000000003,1
4,136,204,29.93707596,81.77713468,5.898944282,39.313675938,grapes,0.344,54,,2570.0,0
39,145,201,36.73126647,80.58931938,5.775600435,43.345384824,grapes,0.32,96,,1022.0,0
38,132,197,20.42094753,81.54185044,5.931101816,40.158394002,grapes,0.37,22,,1799.0,0
36,133,198,25.51939719,83.98351748,6.2286454,41.503687326,grapes,0.22,72,,3721.9,1
25,121,201,30.50734778,82.71775569,5.594240602999999,42.049202274,grapes,0.23,18,,1732.9,1
15,125,199,18.426993600000007,80.55625868,5.569230319,41.854405836,grapes,0.348,26,,2225.6,1
24,140,205,12.087022,83.59398734,5.93202852,41.200880178,grapes,0.388,93,,1949.0,0
13,132,203,23.60115364,82.48336987,6.423216506,43.943410512,grapes,0.296,61,,2574.0,0
5,126,197,12.80000387,81.20876367,6.417500829,40.26263640599999,grapes,0.34,98,,2268.0,0
30,120,200,38.06099482,82.24729637,6.234904253,39.420889296,grapes,0.288,60,,2938.0,0
23,142,197,39.06555518,82.03812973,6.000573725,41.584637382,grapes,0.7,20,,3075.8,1
26,135,203,33.78372897,81.16314317,5.6851027689999984,44.721344046,grapes,0.34,66,,2815.8,1
7,126,203,16.76201707,82.00335557,5.662140095,43.972276836,grapes,0.388,53,,1515.8,1
32,139,198,35.89307536,82.66850729,6.358186848,39.923679354,grapes,0.42,19,,1337.7,1
9,141,202,21.01245395,81.17931863,6.119495295,39.830689566,grapes,0.34,18,,2631.0,0
20,142,196,10.89875873,80.01639435,6.207600782999999,41.216522382,grapes,0.54,23,,2494.7000000000003,1
32,129,201,16.36251869,83.00471609,6.48754639,42.933992898,grapes,0.41,94,,3329.3,1
3,134,199,20.28370163,81.32235739,5.81717753,42.639667332,grapes,0.35,54,,3298.1,1
38,138,204,25.11108456,83.25447587,6.325480034,43.806160974,grapes,0.27,93,,1399.0,0
14,131,198,33.4641162,83.86742974,5.562790949,40.753225914,grapes,0.63,51,,2498.0,0
20,122,204,11.7976469,80.86325389,6.487369687,39.041774916,grapes,0.304,89,,2102.0,0
40,126,201,11.36300891,80.03100049,6.116982944,42.709736586,grapes,0.47,89,,1362.4,1
36,128,204,25.23542319,80.68700527,5.695792761,40.223045328000005,grapes,0.344,43,,2334.0,0
11,132,197,15.99050693,81.23966573,5.7343170070000005,44.641193166,grapes,0.13,68,,1215.0,0
0,137,195,22.4359017,80.18612085,6.329499832000001,39.23839008,grapes,0.53,37,,1688.0,0
19,123,200,34.76086052,81.03544763,6.167013532,39.422580162,grapes,0.312,25,,2195.0,0
31,136,197,31.11047251,83.34010951,5.653776057999999,42.858009492,grapes,0.53,24,,1485.0,0
4,134,200,28.57828803,80.95628959,5.840256272,44.005392582,grapes,0.23,92,,1763.0,0
39,139,201,41.18664903,81.01783402,5.5399808120000005,41.213375394,grapes,0.34,35,,1427.0,0
8,127,196,27.02766138,83.17093908,5.833302165,42.573996018,grapes,0.14,81,,2438.0,0
39,138,203,21.19339319,82.33098331,6.399433771,44.77700952599999,grapes,0.372,60,,1509.3,1
32,120,204,10.38004759,83.44518113,6.138958698,40.43504274000001,grapes,0.2,24,,2158.0,0
12,142,203,31.3115978,82.56407013,5.972850837999999,39.006571872,grapes,0.368,43,,3845.4,1
8,133,195,20.46657776,80.97598029,6.456079585,42.778883232,grapes,0.316,26,,1500.0,0
8,139,199,29.36947679,81.53996362,6.3364266670000005,39.680656878,grapes,0.344,67,,1736.0,0
21,134,202,10.72302459,80.02130636,6.425419926,39.17892672000001,grapes,0.64,35,,1868.1000000000001,1
40,140,195,14.97846952,80.49979873,6.2943956760000015,42.980624598,grapes,0.52,43,,2640.0,0
39,127,202,15.3246651,81.67215994,6.477768039,42.960617994,grapes,0.11,28,,2943.0,0
19,120,195,18.73932187,81.12109244,5.931538447,44.134847724,grapes,0.364,39,,2995.0,0
21,139,201,19.3642553,83.36094029,5.980598579,40.290568446,grapes,0.336,13,,3755.7000000000003,1
17,136,195,41.20733624,81.61051026,6.389783283,39.541364772,grapes,0.47,56,,2125.0,0
33,139,203,33.34214482,82.51034633,5.693287415,42.408591684,grapes,0.26,53,,3477.5,1
22,133,201,23.81995682,80.12211649,6.00299607,40.36439184,grapes,0.51,58,,2157.0,0
32,130,196,40.66012294,81.24995984,6.372959542,44.418180336,grapes,0.5,19,,1818.0,0
37,135,205,11.82768186,80.2827185,5.510924848999999,44.461350342,grapes,0.67,74,,1944.0,0
15,140,195,13.28504331,83.54193816,5.69945282,39.480036024,grapes,0.44,31,,2159.0,0
39,132,196,35.83089092,83.32560104,5.778594403,44.20790931,grapes,0.15,61,,1073.0,0
40,121,199,26.18159716,81.03886263,6.315586313,39.635470188,grapes,0.32,53,,1324.0,0
40,132,202,24.57558351,80.70695797,5.9718130060000005,41.8236678,grapes,0.37,44,,1703.0,0
29,142,203,29.67229086,83.71498986,5.891195653,39.890942226,grapes,0.32,11,,2960.1,1
32,121,199,39.37102553,81.25353895,6.129812716,44.448610464,grapes,0.58,28,,2166.0,0
6,140,205,17.66558428,82.92903419,6.313085601,41.92027578,grapes,0.352,13,,1570.0,0
8,120,196,24.06679352,82.66396666,6.053662544,41.89113465,grapes,0.23,20,,2965.3,1
34,133,202,15.31413469,80.09711412,5.804799142,44.892867918,grapes,0.67,86,,1293.0,0
35,135,199,21.77466746,80.54942557,6.400719746,41.637782388,grapes,0.388,72,,2789.0,0
16,145,199,26.91624843,80.76838926,5.953966361,41.58556311,grapes,0.48,64,,2752.1,1
8,136,201,41.65602996,82.22118237,5.6092559920000005,44.517989028,grapes,0.64,93,,2935.4,1
25,129,195,17.98667801,81.17712085,5.777271492000001,43.422766134,grapes,0.376,66,,2890.0,0
16,130,201,29.12033769,82.79092939,5.682395429,41.31018282,grapes,0.22,74,,3797.3,1
39,129,203,34.38922481,83.18392806,5.863996687,42.61800933599999,grapes,0.27,29,,2892.0,0
38,135,203,41.36106301,82.79782954,6.444373116,41.952644892,grapes,0.35,50,,1928.0,0
33,120,205,35.12158265,82.26890793,5.550832177999999,41.829110946,grapes,0.53,83,,1442.0,0
35,125,204,19.6491772,80.15215777,6.107741787999999,44.217177516,grapes,0.36,20,,2268.5,1
1,132,200,16.27852801,82.94270065,5.620745638,39.944776854,grapes,0.45,99,,1495.0,0
39,140,203,21.11903604,80.63399198,6.349875906,41.56667856599999,grapes,0.49,83,,2566.0,0
28,145,202,19.2077707,82.90428409999998,6.484323189,40.098682302,grapes,0.21,36,,1968.0,0
6,128,200,25.96308415,82.57813624,5.838748311,42.190695882,grapes,0.52,12,,2100.0,0
6,139,199,25.67385024,81.6212135,6.29099842,44.465516532,grapes,0.3,90,,1047.0,0
29,122,196,41.94865736,81.15595212,5.638328481,43.841177712,grapes,0.344,82,,2732.0,0
37,144,197,11.18994268,80.8084305,6.415555956,39.805409664,grapes,0.62,39,,2479.0,0
38,120,197,17.5438296,82.94703302,6.323722572,44.262382464,grapes,0.52,89,,2818.0,0
38,141,198,13.05809741,80.28297993,5.757009965,42.453801504000005,grapes,0.58,64,,1484.0,0
14,121,203,9.724457611,83.74765639,6.1586894060000015,44.678466888,grapes,0.31,71,,2629.0,0
6,125,204,27.92004934,82.93262435,5.7335398070000005,41.952557034,grapes,0.58,90,,2618.0,0
32,138,197,9.535585543,80.73112694,5.908724337000001,41.664691026,grapes,0.376,47,,2202.0,0
11,124,204,13.42988625,80.06633966,6.361141107000001,42.840258222,grapes,0.12,14,,2999.1,1
23,138,200,9.851242629,80.22631717,5.96537863,41.056814664,grapes,0.292,34,,2925.0,0
40,143,201,24.97256132,82.72828653,6.476757723,40.02009771,grapes,0.48,67,,1983.0,0
6,142,202,27.23708304,82.94573346,6.224542938,42.255053382,grapes,0.368,40,,1026.0,0
37,124,195,18.70679077,83.4795292,6.209928251,39.95786928,grapes,0.49,15,,2763.0,0
35,134,204,9.949929082,82.55138983,5.841138354,39.604905306,grapes,0.55,38,,2208.0,0
119,25,51,26.47330219,80.92254421,6.283818329,32.194455485999995,watermelon,0.356,37,,1011.0,0
119,19,55,25.18780042,83.44621709,6.818261382999999,28.124525298,watermelon,0.28,14,,2440.0,0
105,30,50,25.29954705,81.77527562,6.37620108,34.224882342,watermelon,0.21,99,,2973.0,0
114,8,50,24.74631269,88.30866319,6.581587932000001,34.774956864,watermelon,0.33,54,,1133.0,0
93,22,52,26.58740671,81.32563243,6.932739726,25.125240168,watermelon,0.56,73,,2582.0,0
80,26,55,24.53442564,88.989272,6.140099215,29.469712392,watermelon,0.372,82,,2929.0,0
85,27,45,26.0713757,88.7285657,6.467095849,34.677917076,watermelon,0.62,38,,2581.0,0
85,22,53,25.96534238,89.77076659,6.849471704,35.678031336,watermelon,0.25,41,,2748.0,0
82,22,45,26.22338015,85.34866045,6.512196212,32.760955734,watermelon,0.16,74,,1899.0,0
118,13,54,24.41311871,89.81574032,6.039584629,26.44706085,watermelon,0.348,37,,2172.0,0
83,25,53,26.49195283,80.04678201,6.057697106,34.636794942,watermelon,0.39,29,,2909.0,0
86,15,47,24.04355803,84.18406764,6.423898762,32.273579736,watermelon,0.63,41,,2390.7000000000003,1
101,10,47,25.5421695,83.31883376,6.936997681,34.544059398,watermelon,0.16,12,,1308.0,0
119,9,50,26.74550678,83.9195902,6.251286661,24.476583,watermelon,0.14,57,,2204.0,0
104,17,46,25.7131428,80.22972777,6.190015912000001,25.853770962,watermelon,0.396,62,,2731.3,1
95,12,51,25.76484262,84.17269959999999,6.681606702000001,26.532401484,watermelon,0.39,23,,2657.2000000000003,1
102,14,52,26.79489868,89.64815231,6.51075991,34.644550902,watermelon,0.51,35,,1930.0,0
109,21,55,24.9004602,89.73524177,6.770278088,34.469652564,watermelon,0.38,34,,1571.0,0
81,18,50,26.80750629,88.22874955,6.429788072999999,35.279334342,watermelon,0.16,64,,3617.9,1
103,17,51,25.11189154,80.02621335,6.209888345,26.523941922,watermelon,0.288,56,,1696.5,1
105,14,50,26.2148837,87.68839820000002,6.419052193,35.793544788,watermelon,0.16,94,,2079.0,0
97,8,52,24.9103226,86.97190046,6.237861736,29.691454152,watermelon,0.2,10,,1222.0,0
120,19,49,25.79448878,84.26830701,6.762471628999998,33.871375212,watermelon,0.67,64,,2999.0,0
95,16,55,25.26931156,87.55055105,6.612847999,24.075902526,watermelon,0.32,55,,1590.0,0
83,29,52,25.76402693,87.5931128,6.704688865,27.630736368,watermelon,0.364,58,,2952.0,0
83,9,45,25.85483596,89.13163965,6.049609892,28.11106173,watermelon,0.352,13,,2320.0,0
91,21,50,24.33528185,81.44030363,6.762030215,28.992681768,watermelon,0.37,38,,1470.0,0
116,5,54,25.37601283,80.99313508,6.65398725,34.338170825999995,watermelon,0.49,39,,2285.4,1
112,28,54,24.86094646,85.05318563,6.738030547,33.177381084,watermelon,0.364,35,,2683.0,0
88,29,51,24.71885473,88.94568335,6.095689937,29.075871762,watermelon,0.24,14,,1081.0,0
118,15,45,24.21495706,84.20576992,6.538006356,28.806830892,watermelon,0.316,24,,3004.3,1
92,21,48,25.81692236,82.043255,6.377427122,32.897780274,watermelon,0.2,62,,1349.4,1
106,14,45,24.47018505,84.16390229,6.417011754,34.360638012,watermelon,0.38,98,,2010.0,0
99,5,47,24.13078816,84.84494575,6.649086972,30.716821182,watermelon,0.11,70,,1326.0,0
98,8,51,26.1793464,86.52258079,6.25933595,29.658305862,watermelon,0.34,67,,1926.0,0
108,22,46,26.17668721,86.72952049999998,6.121168559,32.000909862,watermelon,0.25,31,,2105.0,0
119,7,55,26.03867719,84.6378378,6.031424482,26.63960286,watermelon,0.33,28,,2942.0,0
117,27,48,26.53259325,82.39053979,6.835268183999999,32.583964692,watermelon,0.18,44,,2625.0,0
109,10,53,26.81938687,87.8274604,6.5517503060000015,27.637162668,watermelon,0.27,12,,2161.0,0
80,16,46,25.50405534,81.40297428,6.940236218,29.086999668,watermelon,0.316,91,,1518.0,0
100,18,52,26.20234499,80.38266489,6.87606733,33.887651082,watermelon,0.312,86,,1349.0,0
91,7,53,25.13735887,89.28272716,6.457216535,26.117385102,watermelon,0.28,98,,1739.0,0
86,6,53,25.92030221,83.47202566,6.921847887999999,25.264089096,watermelon,0.55,38,,2067.0,0
107,5,52,26.6634609,89.98405233,6.8814257460000015,34.44508299,watermelon,0.48,36,,2756.0,0
103,16,49,24.06731461,81.64075303,6.915717008,31.051274406,watermelon,0.308,72,,1373.0,0
101,20,48,24.6774157,82.75411437,6.206247493999999,34.234256478,watermelon,0.56,32,,3495.7000000000003,1
85,25,47,26.11440416,87.64081095,6.29542477,35.088965064,watermelon,0.6,22,,2288.0,0
84,7,51,26.81530456,87.65694462,6.399669044,33.444441492,watermelon,0.308,76,,1955.0,0
102,28,54,25.15623099,80.27525115,6.862157042000001,33.297248718,watermelon,0.364,54,,1937.0,1
98,25,52,25.2801372,83.15393658,6.224066378,29.576739654,watermelon,0.2,45,,2194.0,0
97,25,50,26.22005978,80.90127035,6.093814669,29.451323622,watermelon,0.38,90,,1406.0,0
90,16,45,24.92093261,80.61750795,6.291540277999999,30.334264878,watermelon,0.288,33,,1949.0,0
95,12,46,26.21667586,81.01009354,6.32281728,32.792541576,watermelon,0.356,19,,1882.0,0
82,23,49,26.81383586,87.21986949,6.873283991,31.022986752,watermelon,0.41,53,,2285.4,1
82,25,51,24.31334971,87.47409052,6.074209622000001,28.867490196,watermelon,0.44,85,,2400.0,0
110,28,46,24.29105004,88.04541346,6.49889585,30.756278508,watermelon,0.396,13,,2360.0,0
118,21,51,24.42998931,86.33904774,6.678805092,29.149450932,watermelon,0.18,22,,1414.0,0
120,20,45,25.66576039,88.6984228,6.114128685,32.536334796,watermelon,0.5,15,,1276.0,0
91,7,52,25.07803672,83.46230461,6.405054243,33.839777526,watermelon,0.65,31,,1074.0,0
81,6,55,24.88910524,85.87059083,6.110142735,31.024194864,watermelon,0.38,38,,1057.0,0
101,13,54,25.42900869,82.91481799,6.828982708,33.804867534,watermelon,0.38,50,,1782.0,0
101,17,55,24.37118217,87.1269128,6.451499763999999,26.783446146,watermelon,0.376,98,,3287.7000000000003,1
111,6,53,26.493064500000006,88.59143088,6.313512998999999,27.638293254,watermelon,0.7,76,,1682.0,0
107,10,49,25.83202912,89.00481725,6.755192025,27.148143714,watermelon,0.25,55,,1529.0,0
115,11,46,24.41592661,89.39655519,6.623167177000001,24.192971154,watermelon,0.69,46,,1486.0,0
84,25,52,24.37190239,81.2514818,6.12532356,26.525397486,watermelon,0.17,54,,2200.0,0
120,7,47,24.24782473,83.03687902,6.653867608,32.85945743999999,watermelon,0.2,79,,1721.0,0
91,12,46,24.64458469,85.49938185,6.343942518,28.987314186,watermelon,0.55,51,,2814.0,0
89,22,52,24.89681131,86.10782926,6.217300786,31.887757277999995,watermelon,0.47,27,,1895.0,0
113,19,46,25.41864024,81.12122989,6.286387658,29.713924134,watermelon,0.16,23,,1712.0,0
97,22,50,26.26028739,86.14585891,6.769893799999998,35.387272746,watermelon,0.58,35,,1979.0,0
117,30,50,24.90123934,87.20772913,6.744966312000001,27.955244046,watermelon,0.19,61,,2980.9,1
90,14,52,24.84740848,89.20454622,6.391858432,35.807563464,watermelon,0.392,52,,2032.0,0
104,23,47,26.98212846,86.70068316,6.770434148,25.74775323,watermelon,0.19,81,,1395.0,0
81,16,45,26.90435747,86.25426228,6.727468157000001,35.855880138,watermelon,0.43,23,,1908.0,0
88,5,47,25.86475496,86.67468041,6.662244646,24.699328812,watermelon,0.392,69,,2258.1,1
92,7,45,26.70607759,81.14149505,6.944640222,30.906201324,watermelon,0.63,54,,2307.0,0
81,18,50,26.44019475,80.91934337,6.507110986,28.691085438,watermelon,0.384,41,,2219.0,0
111,5,55,26.283443,84.42478917,6.520663422,30.472018368,watermelon,0.62,12,,2896.4,1
108,23,51,26.84366082,83.85039964,6.106500787000001,24.1371864,watermelon,0.47,11,,3654.3,1
113,30,50,26.03967219,83.9862443,6.277484042999999,26.326274088,watermelon,0.58,22,,2884.7000000000003,1
83,10,53,24.92994759,85.00802358,6.195142279,29.255156748,watermelon,0.312,94,,2964.0,0
101,11,51,25.50736962,84.24340241,6.792035575,26.52413982,watermelon,0.356,57,,2812.0,0
114,21,55,25.4438391,87.93923120000002,6.472756256,34.509298116,watermelon,0.388,89,,2845.0,0
99,6,45,26.12588914,86.5507939,6.000975617000001,24.427260444,watermelon,0.14,43,,1942.2,1
92,20,55,25.10474753,87.52676159999999,6.5877912620000005,35.559116664,watermelon,0.356,73,,2570.0,0
92,7,48,26.27520631,86.63249555,6.956508826,32.63249097,watermelon,0.18,98,,1765.0,0
91,24,55,26.27061608,83.09194521,6.259086582999999,28.061024994,watermelon,0.25,23,,2849.0,0
110,21,54,26.73690828,87.82430156,6.747537642,28.478682114,watermelon,0.44,40,,3460.6,1
112,25,51,25.04746944,85.5667282,6.932537231,34.034980062,watermelon,0.332,48,,1296.0,0
89,25,54,24.69368934,85.56967628,6.353107392999999,29.396344968,watermelon,0.27,72,,2721.0,0
100,10,53,24.54356968,84.60808277,6.211748957,25.203961506,watermelon,0.65,19,,2617.0,0
83,22,54,25.89762315,81.96664832,6.277245253999999,32.699760342,watermelon,0.15,96,,2803.0,0
95,14,50,26.6333118,84.31756844,6.560443519,33.791196954,watermelon,0.5,77,,2296.0,0
119,30,49,25.35794749,80.45846265,6.903020221,28.63246947,watermelon,0.41,67,,2635.0,0
97,12,47,25.28784623,89.63667876,6.765094963999998,34.972185984,watermelon,0.4,82,,1513.0,0
110,7,45,26.63838589,84.69546874,6.189213927000001,28.994571654,watermelon,0.324,38,,2318.0,0
96,18,50,25.3310446,84.30533791,6.904241707000001,24.919312194,watermelon,0.11,48,,2738.0,0
83,23,55,26.89750174,83.89241484,6.463271076,26.38316247,watermelon,0.63,82,,1676.0,0
120,24,47,26.98603693,89.4138489,6.260838965,35.129260122,watermelon,0.53,18,,2306.0,0
115,17,55,27.57826922,94.11878202,6.776533055,16.849519206,muskmelon,0.32,72,,1154.0,0
114,27,48,27.82054812,93.03555162,6.528404377999999,15.794432922,muskmelon,0.45,89,,2953.0,0
101,25,52,29.09910406,94.22237826,6.750145572,13.514983962,muskmelon,0.16,40,,1556.0,0
118,18,52,28.04943594,90.83130708,6.562832807,12.457338084,muskmelon,0.376,24,,1174.0,0
95,26,45,29.91690582,94.55695552,6.117530021,16.896343482,muskmelon,0.17,30,,1432.0,0
81,25,49,29.86895762,93.25103208,6.076459669,15.757458084,muskmelon,0.58,38,,2021.5,1
117,24,53,29.17220859,92.21405224,6.293486295,12.781742832,muskmelon,0.316,79,,2071.0,0
114,30,51,29.24908541,90.06998135,6.069171847000001,15.560979222,muskmelon,0.21,81,,1621.1000000000001,1
113,6,52,27.76317235,90.35567642,6.740983646,15.129654677999998,muskmelon,0.58,38,,2742.0,0
108,26,52,28.82629037,94.26765349,6.201797639,15.743031066,muskmelon,0.36,37,,1176.0,0
81,30,48,28.52379742,92.09688432,6.041027474,17.92008831,muskmelon,0.63,61,,2447.9,1
115,9,52,29.06785065,90.97685539,6.019372459,17.47168434,muskmelon,0.13,22,,1435.0,0
83,7,45,29.08417927,90.73891887,6.704104127000001,15.198085428,muskmelon,0.29,61,,1703.0,0
84,21,55,28.47090661,94.79453182,6.494251024,12.650904606,muskmelon,0.356,52,,2210.0,0
109,26,45,28.27973674,90.38971208,6.224535448999998,12.953955042,muskmelon,0.22,51,,2951.0,0
95,27,55,28.47212559,91.21322065,6.160414414,12.531722213999998,muskmelon,0.48,26,,3246.1,1
119,5,55,29.68846716,94.30111601,6.168757984,16.10354907,muskmelon,0.292,12,,2272.4,1
110,14,51,27.02415146,91.66737633,6.085444691,12.756209916,muskmelon,0.376,39,,3603.6,1
82,18,48,29.09588297,94.16748386,6.1590508160000015,16.023487968,muskmelon,0.304,82,,2920.0,0
87,14,48,29.69238699,92.58862544,6.606033244,17.46615564,muskmelon,0.324,23,,1968.2,1
85,9,53,28.20619412,92.86798698,6.447662945,17.27192709,muskmelon,0.312,29,,3819.4,1
100,6,53,29.05248036,93.92217834,6.105909623,14.199723756,muskmelon,0.42,65,,2851.0,0
107,12,46,29.57240298,93.61870344,6.559763394,16.541511726,muskmelon,0.69,79,,1729.0,0
91,13,47,29.10968327,92.43510994,6.14410903,16.773613824,muskmelon,0.32,17,,2393.3,1
102,25,50,28.20480805,92.91440379,6.099662369,12.216006864,muskmelon,0.68,12,,1563.0,0
117,25,53,29.11858526,92.12543021,6.413927319,14.712120983999998,muskmelon,0.352,71,,3885.7000000000003,1
85,21,52,29.62800691,90.10051615,6.0751441160000015,14.217520566,muskmelon,0.3,78,,2546.0,0
104,25,55,29.81196601,90.36881284,6.123802502,13.612599018,muskmelon,0.52,53,,1563.9,1
102,24,54,27.72338349,90.93897939,6.698468621,13.691180682,muskmelon,0.68,72,,1280.0,0
116,25,50,29.26092798,92.92367701,6.088885814,17.223766098,muskmelon,0.13,72,,2816.0,0
100,17,48,29.72791119,94.29753295,6.367800632000001,15.914184876,muskmelon,0.47,30,,1011.0,0
110,25,54,28.91105641,90.78413842,6.425930938,14.066390802,muskmelon,0.64,17,,3266.9,1
104,25,51,28.96361426,93.88482153,6.469983276000002,14.136781038,muskmelon,0.34,75,,1516.0,0
107,11,54,28.59052369,91.33617236,6.094016337999999,17.664048204,muskmelon,0.45,25,,2190.0,0
98,26,52,27.33897716,90.69759008,6.150090898999999,17.214683009999998,muskmelon,0.21,93,,1477.0,0
88,17,52,29.90415889,90.75284363,6.646962425,15.226970381999998,muskmelon,0.43,61,,3547.7000000000003,1
87,25,46,27.42711692,90.02696201,6.379690748,13.05052644,muskmelon,0.14,92,,1738.0,0
120,8,46,29.55657523,90.70937262,6.732834334,17.019213576,muskmelon,0.49,79,,2531.1,1
95,13,46,29.84070774,93.76312893,6.126019932,13.969247028,muskmelon,0.392,54,,2339.0,0
108,22,47,28.53545677,91.72742702,6.161123579,15.07740288,muskmelon,0.364,55,,2809.0,0
82,13,52,27.11535046,94.86907886,6.442810053,15.911548692,muskmelon,0.344,17,,1003.0,0
120,23,55,27.84492803,91.60666594,6.732049075,15.887066574,muskmelon,0.372,40,,2572.0,0
110,22,47,29.03157242,91.82172592,6.243673725,14.963167524,muskmelon,0.384,28,,2856.1,1
95,23,45,27.82424457,90.56698742,6.266208727,12.714087156,muskmelon,0.42,99,,1566.0,0
106,10,49,27.72653142,92.00687531,6.350623739,12.126760482,muskmelon,0.324,66,,1200.0,0
99,12,52,28.69708334,94.30759855,6.002927293,13.330842528,muskmelon,0.21,16,,3415.1,1
106,20,51,29.73019662,90.97015715,6.342573112,12.294213714,muskmelon,0.19,94,,2793.0,0
83,11,53,29.54097171,92.91778307,6.163921247999999,13.17918462,muskmelon,0.38,72,,2909.0,0
117,19,55,28.80311922,91.78336933,6.121745389,15.098159346,muskmelon,0.2,16,,1423.5,1
98,26,49,27.29035669,90.53330091,6.130160472999999,14.097211404,muskmelon,0.18,99,,2468.0,0
113,20,48,27.46583649,94.87679041,6.440584681,16.367399082,muskmelon,0.68,95,,2950.0,0
101,17,47,29.49401389,94.72981338,6.185053234,15.784925256,muskmelon,0.58,19,,2713.1,1
98,7,45,27.79161808,92.51054946,6.157724816,16.112535744,muskmelon,0.34,63,,2617.0,0
93,22,48,29.12533739,91.52291141,6.776987974,13.14264267,muskmelon,0.68,77,,1283.0,0
95,21,47,27.93114233,93.56161439,6.431970877,12.396767016,muskmelon,0.46,19,,1717.0,0
109,12,48,29.45771748,92.12534736,6.708743843,12.457272186,muskmelon,0.296,97,,1404.0,1
118,12,47,27.96872279,92.17444796,6.010739645,17.368601694,muskmelon,0.67,26,,2685.0,0
100,14,49,29.48882958,91.07574233,6.365956657999999,15.61145613,muskmelon,0.57,35,,1918.0,0
89,9,47,29.47156259,90.77069618,6.6683827660000015,17.251356402,muskmelon,0.63,76,,1560.0,1
95,16,46,27.076726500000003,90.14362622,6.74669542,14.67087888,muskmelon,0.324,43,,2220.4,1
95,7,45,27.30008597,90.80015308,6.031665834,15.056907066,muskmelon,0.372,85,,1977.0,0
87,6,45,29.82729394,90.79007335,6.40077205,13.705221533999998,muskmelon,0.58,54,,1133.0,0
93,20,50,29.93061247,93.22980899,6.448792688999999,14.608886028,muskmelon,0.18,63,,2596.0,0
84,29,49,29.94349168,93.90741192,6.251420275,12.234123018,muskmelon,0.43,15,,1541.8,1
111,5,47,28.03306461,91.47355778,6.2744528110000015,12.707548614,muskmelon,0.372,23,,1271.0,0
111,5,52,29.8843055,94.0371147,6.135996372,12.60005928,muskmelon,0.53,69,,2421.0,0
111,15,54,27.7058373,92.91185695,6.194090172,13.237242966,muskmelon,0.43,33,,1940.9,1
89,11,47,29.78714005,94.65343534,6.327822962000001,16.71956652,muskmelon,0.26,69,,2341.3,1
110,15,48,28.57819995,92.86597437,6.2125672110000005,16.559230680000002,muskmelon,0.38,11,,1444.0,0
95,30,52,29.48069921,90.33698678,6.640470862999999,15.62194608,muskmelon,0.25,22,,1784.9,1
115,12,52,27.51492243,94.96218673,6.685553129,12.610778592,muskmelon,0.65,86,,2626.0,0
120,25,50,28.05457761,94.81637388,6.327210469,13.109215968,muskmelon,0.26,81,,3699.8,1
102,11,45,29.03167341,93.12603235,6.35544263,14.493547194,muskmelon,0.12,76,,2062.0,0
94,5,55,28.5854649,91.89216849,6.085682343999999,16.130235432,muskmelon,0.364,69,,2028.0,0
84,18,46,27.08808014,93.42402083,6.781050372999999,15.192958133999998,muskmelon,0.41,92,,1565.2,1
107,22,54,27.99611732,90.84660317,6.630301421,12.971362578,muskmelon,0.48,19,,1781.0,0
80,18,52,27.87317436,91.14849627,6.484799661,14.431247549999998,muskmelon,0.34,77,,2502.0,0
86,18,45,28.96586565,90.71832938,6.566759102000001,13.355028822,muskmelon,0.392,21,,2667.6,1
113,28,48,28.87726019,92.48839665,6.170520517999999,14.665605552,muskmelon,0.328,54,,1535.3,1
115,18,53,29.17052093,94.19790371,6.0124803510000016,13.241966784,muskmelon,0.55,35,,2078.0,0
82,20,54,29.34033587,90.01506395,6.541150335,12.867197442,muskmelon,0.35,17,,2090.0,0
98,22,47,29.07265321,91.91533173,6.341400922,17.301410172,muskmelon,0.67,65,,2450.0,0
117,25,54,28.68275966,92.50969311,6.150686363999999,17.467125978,muskmelon,0.328,79,,1294.0,0
83,15,49,28.92705913,91.39356832,6.438008152999999,13.920460116,muskmelon,0.27,43,,2167.0,0
120,16,51,27.99901833,91.64193051,6.547041902999999,13.971709488,muskmelon,0.316,31,,1469.0,0
111,5,50,27.59350075,91.79742953,6.399891457000001,14.905596738,muskmelon,0.6,99,,2880.8,1
85,21,47,29.87331077,90.60932469,6.186770318,14.818322886,muskmelon,0.11,80,,1401.0,0
90,23,54,28.55852465,90.45773041,6.159020864,16.359530076,muskmelon,0.38,90,,1326.0,0
99,29,55,29.19378695,91.46241065,6.660954816,15.88944153,muskmelon,0.27,90,,1934.0,0
102,11,47,27.98780984,92.78226196,6.504906978999999,16.287054204,muskmelon,0.7,85,,3144.7000000000003,1
80,18,51,28.05380704,91.81758779,6.706053225,12.459492522,muskmelon,0.62,63,,2834.0,0
87,21,52,27.350629600000005,94.29119509999998,6.067665497999999,16.327464126,muskmelon,0.308,46,,1215.0,0
114,8,52,29.34081108,94.5513539,6.419083092,16.937448617999998,muskmelon,0.284,29,,2402.0,0
99,6,46,28.61475136,94.22253035,6.39637861,17.391445133999998,muskmelon,0.32,24,,1352.0,0
89,25,50,27.04863538,91.34685096,6.375923383,15.048880116,muskmelon,0.55,23,,2040.0,0
96,13,55,29.5275305,94.57459443,6.700337732,12.681274128,muskmelon,0.356,23,,2332.2000000000003,1
82,26,47,28.50416396,93.46806467,6.565312652999999,14.520043452,muskmelon,0.57,14,,1320.8,1
106,21,52,28.89578588,94.78993038,6.286515359,13.82175018,muskmelon,0.3,88,,1444.0,0
90,15,52,27.04927452,91.3821731,6.448061578,14.194484766,muskmelon,0.2,16,,1468.0,0
106,16,54,28.96017885,91.69532178,6.585872508,14.84749188,muskmelon,0.27,48,,1535.3,1
24,128,196,22.75088787,90.69489172,5.521466996,66.2590713,apple,0.56,41,,3623.1,1
7,144,197,23.8494014,94.34814995,6.133220586,68.43074969999999,apple,0.36,28,,1283.0,0
14,128,205,22.60800988,94.58900601,6.226289556,69.62379522,apple,0.47,33,,2764.0,0
8,120,201,21.18667419,91.13435689,6.321152192,73.3399938,apple,0.3,68,,1215.0,0
20,129,201,23.41044706,91.69913296,5.587905967,69.64667585999999,apple,0.17,39,,1504.0,0
32,137,204,22.86006627,93.12859895,5.824151692999999,70.63780356,apple,0.19,85,,2012.4,1
27,139,205,22.48403042,93.40819246,5.7721799460000005,63.32841762,apple,0.352,88,,1448.2,1
0,123,205,22.02775403,92.96129462,5.790993052,72.68095056,apple,0.14,20,,1540.5,1
22,144,196,21.91191314,91.68748063,6.4992268210000015,70.24567662,apple,0.67,97,,2239.0,0
1,124,199,23.71059131,93.27392415,5.658473817000001,67.60059534000001,apple,0.36,21,,1977.0,0
30,122,197,21.37784654,92.72043743,5.573241391,63.68502101999999,apple,0.59,83,,1638.0,1
29,121,196,22.84852833,94.32130209,6.079497202000001,74.15867057999999,apple,0.344,31,,1592.5,1
13,126,204,23.1094265,92.79630809,6.3831802710000005,64.9102752,apple,0.25,40,,1925.0,0
9,139,199,23.25230817,94.54128292,5.867420996,63.21350448,apple,0.11,16,,1680.9,1
0,133,200,23.67287749,90.4935574,5.708418722,62.53788168,apple,0.324,28,,2343.9,1
30,143,199,23.76881552,90.59810302,5.7983508000000015,61.35891276,apple,0.42,76,,1654.0,0
36,140,198,23.34386401,91.47684705,6.28188384,62.65607946,apple,0.38,61,,2983.0,0
37,137,199,22.63946441,90.18451645,5.697945522,65.00435274,apple,0.288,60,,1837.0,0
33,121,203,22.45696744,94.76285385,5.6059340870000005,68.90446349999999,apple,0.292,17,,2724.0,0
7,144,195,22.96388477,93.58065995,5.85648105,62.78837915999999,apple,0.55,21,,2145.0,0
35,128,205,21.07273439,93.56585985,6.041053829,64.72422089999999,apple,0.25,24,,1617.2,1
29,128,198,22.44075021,92.70785115,5.685062404,72.89863986,apple,0.288,14,,1873.0,0
2,143,196,22.71271308,90.45261746,5.669489065,65.93115582,apple,0.35,56,,2664.0,0
34,140,198,21.70416965,93.44006288,5.751707342,69.10688375999999,apple,0.368,84,,2670.0,0
29,144,204,22.43324518,92.48667725,5.800448951,71.46151134,apple,0.62,60,,2668.0,0
32,141,203,21.25941052,92.84416234,5.821347769,65.43950825999998,apple,0.32,51,,3818.1,1
13,144,197,22.9215706,94.89613443,6.28022267,63.41649264,apple,0.356,63,,2832.0,0
25,143,198,22.81212536,91.51861705,6.027314401,64.713135,apple,0.3,63,,1427.0,0
9,137,200,21.12152071,90.6878768,5.636687393,61.68103218,apple,0.384,19,,2475.2000000000003,1
6,144,198,21.11478672,90.31528693,5.559363609,62.70519708,apple,0.53,46,,2778.0,0
37,126,196,23.59997268,90.97597665,5.596449493,64.30369145999998,apple,0.47,28,,1293.0,0
2,120,203,23.12652652,94.71203306,5.893492998999999,65.17270998,apple,0.46,24,,1157.0,0
11,143,197,22.98458907,93.3204487,5.875718516,73.31714898,apple,0.23,39,,1911.0,0
10,141,201,22.12659387,90.97818277,6.386021424,62.7247365,apple,0.65,28,,2358.0,0
24,142,202,22.53779727,91.48135786,5.710819862,61.10848607999999,apple,0.42,55,,1575.0,0
23,138,195,22.49095104,91.70292746,5.7959857160000015,74.63490606,apple,0.39,17,,2851.0,0
18,125,204,22.35548159,94.47811755,6.046673619,70.04197565999999,apple,0.332,52,,2576.6,1
13,121,196,22.20700989,93.50574163,6.443382913,72.09562626,apple,0.66,69,,1451.0,0
26,122,202,22.44516988,94.73763514,5.617227184,64.31059638,apple,0.7,65,,2085.0,0
28,123,202,22.76643029,92.12438519,6.442289294,72.26159693999999,apple,0.48,44,,1707.0,0
26,121,201,22.19109412,90.02575116,6.162034371,67.38759768,apple,0.26,69,,1145.0,0
21,137,196,23.6119202,91.70293849,5.812781806,74.15404932,apple,0.388,41,,2100.0,0
21,135,198,23.86087054,94.92048112,5.7650151260000015,63.01447974,apple,0.39,80,,2098.0,0
5,144,205,21.42177231,92.62665309,6.184922574,61.68273948,apple,0.43,14,,1433.9,1
2,123,205,22.36629253,90.78572467,5.739652177000001,74.98989708,apple,0.11,18,,2694.0,0
15,133,199,23.99686172,91.61001707,5.8247786360000005,70.5661749,apple,0.352,51,,2915.0,0
31,130,198,21.80129837,92.73446667,5.554823557000001,72.03520025999998,apple,0.336,43,,1372.0,0
25,143,200,23.80436344,92.80441624,6.024248787,60.37155257999999,apple,0.27,97,,3239.6,1
16,143,204,23.71475278,91.53331177,5.631333387000001,73.1376999,apple,0.69,36,,2509.0,0
19,122,202,23.34467359,90.37981478,5.811975094,67.73724096,apple,0.29,91,,2411.0,0
10,125,196,22.31253665,90.03577124,5.730557448,67.8412893,apple,0.376,12,,1600.0,0
20,139,202,23.50201428,92.21083961,5.66999105,64.79213693999999,apple,0.44,56,,3815.5,1
28,123,198,23.46260321,91.45665004,5.682751473,67.0658037,apple,0.46,27,,2920.0,0
28,136,200,23.06204373,92.39544055,6.245858905,68.84394606,apple,0.12,25,,2145.0,1
2,131,199,22.47420512,91.22759742,6.017370134,74.53078194,apple,0.364,67,,1483.0,0
2,140,197,22.69780133,92.82223419,5.53456749,63.03049404,apple,0.396,92,,1254.0,0
27,138,201,23.66682067,93.90191078,5.952367662,63.24028505999999,apple,0.24,98,,2682.0,0
30,127,204,22.50050273,92.45878335,6.126436584,60.56063418,apple,0.304,63,,2175.0,0
32,145,203,23.83053666,90.84422164,6.406818518,65.75800746,apple,0.53,55,,1241.0,0
29,139,205,23.64142354,93.74461474,6.155939452999999,70.01473056,apple,0.66,68,,2920.0,0
26,126,195,21.41363812,92.99124545,5.878568981,71.0387439,apple,0.36,26,,2315.3,1
40,136,202,22.85267372,94.57645809999998,5.935336307999999,70.51884155999998,apple,0.4,22,,2162.0,0
6,124,200,22.98208095,93.84505029,5.971332179,65.75113518,apple,0.61,76,,1693.0,0
35,138,200,21.19909519,90.80819418,5.67130617,62.21033532,apple,0.18,41,,2081.0,0
17,136,196,23.87192332,90.49939035,5.882155987999999,61.83288563999999,apple,0.56,64,,1565.0,0
33,134,205,21.0365275,94.33919546,6.08551916,68.84476404,apple,0.348,51,,2772.0,0
16,143,197,22.61711614,93.51978375,5.90402645,70.15540596,apple,0.28,46,,2628.0,0
27,120,200,21.45278675,90.74531921,6.1102188260000005,70.02219492,apple,0.368,85,,2696.0,0
29,145,205,22.81227579,92.12992101,6.212302608,65.60301312,apple,0.23,80,,3564.6,1
3,141,197,21.98141856,91.12719303,6.142803397000001,69.28734888,apple,0.39,70,,2805.4,1
15,123,204,22.52709326,92.54780429,6.365972687999999,69.22980408,apple,0.5,27,,2123.0,0
5,136,195,22.35628673,91.92360477,6.264202804,64.66184478,apple,0.57,62,,2463.0,0
10,136,204,21.19852186,92.15595143,6.276198595,63.51326105999999,apple,0.19,36,,2780.0,0
7,141,195,23.8812458,93.45067555,5.514253142,62.94699977999999,apple,0.288,30,,1048.0,0
2,129,201,22.78234161,94.36803516,5.682343744,73.28699694,apple,0.312,33,,2314.0,0
29,138,197,22.19055385,92.43764169,5.830892252000001,72.99736566,apple,0.16,53,,1632.0,0
30,137,200,22.91430043,90.70475565,5.603413172000001,71.1626787,apple,0.62,32,,1680.9,1
29,132,204,23.08950736,90.22507299,6.0967531,64.92999606,apple,0.348,69,,2944.0,0
14,139,197,21.72484506,92.83975602,6.056529526,73.01770566,apple,0.34,91,,1197.0,0
18,125,203,22.44307715,91.59234006,6.160267496,61.53394842,apple,0.62,43,,2901.0,0
33,143,204,21.1316077,91.95769858,5.814434775,73.52351675999999,apple,0.63,79,,1615.0,0
40,144,196,22.71750705,92.25479855,5.987262638,64.21739196,apple,0.396,46,,2839.0,0
9,143,197,23.75033085,92.88160462,5.570020684,70.59616962,apple,0.6,21,,1072.0,0
38,135,203,23.76121837,93.661643,5.9655513110000005,60.4955736,apple,0.6,50,,1668.0,0
28,130,196,22.13450646,94.67695747,6.062356467000001,67.75219338,apple,0.364,88,,2637.7000000000003,1
35,142,203,21.17089176,90.23730166,5.895319002000001,74.18970894,apple,0.27,52,,1122.0,0
12,129,205,22.36238282,91.15761594,6.119432215,71.2099635,apple,0.24,70,,2613.0,0
1,135,203,22.77856513,92.70124029,5.624203283,68.26555314,apple,0.69,27,,2929.0,0
0,145,205,21.22503442,90.09877774,5.52078314,68.38562772,apple,0.3,82,,2113.0,0
31,121,201,23.15791104,90.34396882,5.731535257999999,66.4277046,apple,0.47,33,,1933.0,0
35,131,203,22.42776057,93.91722423,5.893490899,61.63384434,apple,0.376,37,,3641.3,1
29,140,195,23.64082979,90.95257927,5.560521058,70.04587914,apple,0.56,54,,3383.9,1
33,138,198,22.29423493,90.69033986,6.222390797999999,73.64512463999999,apple,0.308,39,,3653.0,1
14,140,197,23.35225078,90.90054697,6.071255131,67.82288292,apple,0.34,75,,2392.0,0
35,145,195,22.03911546,94.58075845,6.231950009,66.58824084,apple,0.22,16,,2652.0,0
40,120,197,23.80593812,92.48879468,5.889480679,71.78013288,apple,0.24,62,,2354.0,0
25,132,198,22.31944084,90.85174383,5.732757516,60.07040658,apple,0.312,98,,2010.0,0
31,137,196,22.14464104,93.82567435,6.400321212000001,72.37864704,apple,0.45,19,,1443.0,1
36,144,196,23.65167552,94.50528753,6.496934492,69.21667608,apple,0.57,31,,2702.0,0
10,140,197,22.16939473,90.27185592,6.229498836,74.68098671999999,apple,0.37,51,,2041.0,0
22,30,12,15.78144173,92.51077745,6.354006743999999,71.4210012,orange,0.23,20,,2432.0,0
37,6,13,26.03097313,91.50819306,7.511755067999999,60.77086428,orange,0.392,50,,1904.0,0
27,13,6,13.36050601,91.35608208,7.335158382,66.7360131,orange,0.49,68,,2298.0,0
7,16,9,18.87957654,92.04304496,7.813916602999999,68.79957066,orange,0.6,87,,1597.0,0
20,7,9,29.47741671,91.57802915,7.1291369410000005,66.70364982,orange,0.67,68,,1229.0,0
26,27,10,28.06903173,92.91487288,6.079998496,68.48036496,orange,0.19,55,,2889.9,1
5,23,15,25.66901098,92.04670813,7.408939392000001,67.52545194,orange,0.24,52,,2199.6,1
0,18,14,29.77149434,92.00719952,7.207991261,68.64970715999999,orange,0.66,22,,2255.0,0
39,24,14,30.55472573,90.90343769,7.189259647,63.6427191,orange,0.67,67,,1454.0,0
13,23,6,23.96147583,90.26408017,7.365338111,61.61752218,orange,0.312,44,,2746.0,0
21,17,15,23.98289638,91.5473145,7.455991072000001,71.09410181999999,orange,0.31,14,,2102.0,0
33,12,8,25.26052689,90.31153735,6.822282114,70.42171775999998,orange,0.66,69,,1187.0,0
6,9,12,31.08368929,90.14362642,7.028746406000002,65.81367947999999,orange,0.296,56,,1706.0,0
19,7,10,14.78003032,91.22062116,6.118430299,60.11770572,orange,0.4,13,,2921.0,0
24,18,6,26.56608303,94.45239715,6.285312759,69.8277915,orange,0.1,76,,2773.0,0
9,11,8,24.85903405,94.39000473,6.559236744,67.06822404,orange,0.65,65,,2345.0,0
31,8,7,34.51465139,93.63812684,7.163245982,62.14109556,orange,0.27,48,,2084.0,0
22,17,5,24.12188673,90.72351622,6.945562889,61.7013792,orange,0.13,35,,3650.4,1
13,5,8,23.85340379,90.10522549,7.474710503,62.3539356,orange,0.32,46,,2366.0,1
16,8,9,24.60297538,91.28408653,7.601189842999999,66.7768869,orange,0.53,83,,1182.0,0
4,13,6,15.63211033,94.25966183,7.5611432239999985,60.88234224,orange,0.17,54,,3783.0,1
0,25,14,19.33516809,91.97978938,6.361671475,69.8702532,orange,0.55,16,,2165.0,0
8,7,10,28.2620488,91.98317355,6.929216014,63.12793554,orange,0.11,50,,3404.7000000000003,1
4,23,5,22.67594476,93.36348717,7.477935216,66.19995929999999,orange,0.26,76,,2866.5,1
33,14,8,21.03200078,92.9641969,7.684420446,66.40943664,orange,0.57,14,,2295.0,0
30,7,15,33.23453301,91.06053924,7.825531916,69.45959412,orange,0.14,96,,1077.0,0
21,29,12,22.30318989,92.15987039,6.438668989,70.42128624,orange,0.46,87,,1896.0,0
11,14,5,11.50322938,94.8933184,6.946354724,69.34102655999999,orange,0.15,67,,2607.0,0
9,8,15,14.34320488,94.35734702,7.994465371,66.13338737999999,orange,0.48,48,,2545.0,0
5,18,14,33.105698100000005,93.48447453,7.434118807000001,71.50254678,orange,0.35,37,,2945.0,0
29,25,14,30.49183837,90.4582865,7.781988584,67.9981263,orange,0.288,97,,2919.0,0
33,12,15,30.25578031,92.03272799,6.052318465,70.0303875,orange,0.332,52,,1574.3,1
8,16,6,12.22816189,90.26457428,7.106650373,65.04970236,orange,0.32,18,,1671.8,1
15,14,8,10.01081312,90.22399223,6.22094286,71.63646383999999,orange,0.21,63,,2294.0,0
16,7,8,22.79196751,90.60901895,6.420457311,69.90504444,orange,0.356,23,,2139.0,0
0,12,7,20.18432263,90.65458473,6.969249676,70.08785814,orange,0.39,48,,1360.0,0
5,25,6,30.72119881,94.01331956,6.0113021810000005,64.08708114,orange,0.16,37,,1294.0,0
6,8,11,24.35590861,92.39651663,6.600948787999999,71.81679462,orange,0.35,86,,2464.8,1
10,5,5,21.21306973,91.35349216,7.817846496,67.79006166,orange,0.19,99,,2123.0,0
1,17,6,10.78689755,91.38411917,6.8198271,70.51760682,orange,0.376,12,,2505.0,0
1,30,10,11.89925671,91.34663797,7.291405641,62.14628807999999,orange,0.36,89,,2281.0,0
0,23,15,22.56664172,93.37488907,7.598729065,65.91514518,orange,0.39,50,,1179.0,0
24,27,9,18.86883219,93.24688124,6.157135092000001,71.63621855999999,orange,0.392,72,,2993.0,0
36,11,13,17.34083741,93.04897191,7.1917274,67.63165704,orange,0.28,37,,3568.5,1
40,21,8,34.90665289,92.87820148,7.418761774,61.31437998,orange,0.65,86,,1703.0,0
40,22,6,24.53610067,91.90997228,6.488221135,69.58727934,orange,0.7,11,,2249.0,0
32,18,13,13.8377282,91.74780462,6.044167236,64.79239308,orange,0.372,48,,2371.0,0
9,10,10,22.3551049,93.52211892,6.010391864,60.90987534,orange,0.27,90,,1670.5,1
13,16,8,34.74004942,93.12316972,6.949838549,60.11807123999999,orange,0.24,43,,3654.3,1
15,9,11,11.54785707,94.14861001,7.907956251,65.29735025999999,orange,0.47,74,,1191.0,0
29,11,5,23.13338811,91.94670335,7.639788459,62.6534487,orange,0.292,40,,2952.0,0
1,15,9,29.98364695,94.55239717,7.53350946,69.21361908,orange,0.364,30,,2120.0,0
18,5,11,20.87947369,90.93756231,6.251586885,61.47304715999999,orange,0.58,82,,2132.0,0
14,22,9,17.24944623,91.13772765,6.543191814,67.50543095999998,orange,0.3,38,,2185.3,1
33,15,7,15.83388699,91.68293851,7.651225301,65.85428496,orange,0.372,16,,1998.0,0
4,6,7,23.01014302,91.11764246,6.708889665,67.60429776,orange,0.34,25,,1012.0,0
17,16,14,16.39624284,92.18151927,6.625538653,61.7664966,orange,0.56,25,,2628.0,0
12,20,10,24.45132792,93.10527686,6.528354932,65.68266587999999,orange,0.25,18,,1222.0,0
34,29,8,31.87859192,91.15248149,6.450640306,63.2062695,orange,0.17,74,,2442.0,0
39,28,10,31.34920143,91.48247612,7.181907673,65.49298938,orange,0.23,73,,1925.3,1
31,25,12,18.05142392,90.03969587,7.016482298,67.06763334,orange,0.332,53,,2035.0,0
12,6,8,30.84835031,92.86773675,6.388617138,64.44856086,orange,0.5,40,,1049.0,0
12,29,13,22.45616931,91.52781832,7.57125447,70.80415769999999,orange,0.67,78,,2215.0,0
26,11,11,13.70319166,90.95589386,7.609348255,63.77669274,orange,0.13,72,,2547.0,0
19,24,15,20.48954522,93.72485075,7.137136973,67.10351705999999,orange,0.17,25,,2978.0,0
39,21,9,13.20844373,94.02769434,6.354022554,63.76176936,orange,0.3,46,,1990.0,0
16,29,13,32.31944397,93.67804556,6.196907944,70.57418838,orange,0.22,73,,2537.6,1
36,29,13,20.68185224,90.91510525,7.829507245,65.85083562,orange,0.336,69,,1994.0,0
37,23,12,31.52675982,90.50621806,6.395258356,67.87016387999999,orange,0.396,66,,1940.0,0
39,9,15,25.35467646,91.81183218,7.992041984,70.05335622,orange,0.67,24,,2488.0,0
31,5,14,17.66545409,91.69865887,6.583411671,66.41145036,orange,0.288,91,,1081.0,0
18,12,8,12.59093977,91.81668769,6.206053072,71.63500307999999,orange,0.33,20,,1336.4,1
20,20,10,11.86631922,93.68394562,6.976997772000001,63.6360894,orange,0.65,27,,2436.2000000000003,1
5,8,5,11.03367937,92.22706805,6.562594972,67.6629555,orange,0.14,73,,2711.0,0
20,8,12,25.2990432,94.96419851,7.260416405,70.78400544,orange,0.29,73,,1795.0,0
25,21,11,32.23797837,90.15406807,6.460044777999999,62.82313524,orange,0.63,70,,2260.0,0
14,19,14,17.68408797,94.35815354,6.699164936,64.83828996,orange,0.53,75,,2701.0,0
37,18,12,10.2708877,90.19147747,7.401121811,64.01731224000001,orange,0.47,77,,2720.0,0
26,15,6,17.22034507,94.78797376,6.912033409,64.80326058,orange,0.57,50,,2993.0,0
13,22,5,19.667056,90.50096668,7.764040111,60.10427784,orange,0.64,42,,2226.0,0
32,25,9,10.35609594,93.75652041,7.796034006,60.68741682,orange,0.69,68,,1132.0,0
19,7,9,27.255435,91.71369387,6.969883482999999,60.683661,orange,0.376,33,,3428.1,1
28,7,9,34.591784600000004,92.13229786,6.730757538,69.33901722,orange,0.376,65,,1181.0,0
24,30,11,32.39523995,94.51768464,6.601395755,67.952238,orange,0.2,64,,2179.0,0
7,17,10,10.16431299,91.22320999,6.465913274,63.8175306,orange,0.348,74,,2191.8,1
18,23,8,21.49118657,93.43949693,6.41354791,60.88919327999999,orange,0.34,44,,2964.0,0
7,20,12,16.53460397,94.76759975,6.475275337,66.02687376,orange,0.312,22,,1360.0,0
20,23,11,31.8520694,90.12220323,6.407715561,65.96730371999999,orange,0.14,46,,1455.0,0
18,14,11,28.04799508,90.00621688,6.550814117000001,70.27868988,orange,0.51,75,,1620.0,0
34,11,10,31.75048899,94.59551226,7.36220835,69.11935806,orange,0.66,21,,2324.4,1
20,29,10,29.07412717,93.27189064,7.36549204,60.47381226,orange,0.7,27,,3812.9,1
37,24,13,19.14381903,90.71037456,7.8546243,64.81384752,orange,0.68,98,,1064.0,0
12,8,10,16.14820285,91.4448027,7.995848977,64.45725983999999,orange,0.17,99,,1696.0,0
34,10,14,34.05296914,92.05811721,6.725600855,70.08125088,orange,0.328,45,,2995.0,0
6,13,9,34.51423957,90.56151463,7.786725333,70.99631807999998,orange,0.388,10,,1313.0,0
27,30,5,32.71748548,90.54608254,7.656978112000001,67.9973868,orange,0.336,13,,1278.0,0
13,8,12,25.16296632,92.54736032,7.105904818,68.58703181999999,orange,0.392,55,,1842.1000000000001,1
6,7,7,27.68167318,94.47316879,7.199106204,68.39970876,orange,0.288,21,,2564.0,0
40,17,15,21.35093384,90.9492967,7.871063004,64.2517257,orange,0.32,22,,1881.1000000000001,1
31,26,9,11.69894639,93.25638873,7.566165721,61.92035952,orange,0.63,12,,2032.0,0
61,68,50,35.21462816,91.49725058,6.7932454170000005,145.84470396,papaya,0.52,64,,1722.0,0
58,46,45,42.39413392,90.79028064,6.576261427,53.079644982,papaya,0.42,68,,2628.0,0
45,47,55,38.4191628,91.14220381,6.751452932,71.55923262,papaya,0.316,25,,2178.8,1
39,65,53,35.33294932,92.11508608,6.560743092999999,141.3680151,papaya,0.17,49,,1904.5,1
31,68,45,42.92325255,90.07600528,6.938313356,117.74449452,papaya,0.28,42,,2540.2000000000003,1
70,68,45,33.83508569,92.85470152,6.991626158,122.04264168,papaya,0.67,12,,2610.0,0
68,62,50,33.20258348,92.76437927,6.977700268,118.51695492,papaya,0.16,62,,1737.0,0
34,65,47,23.48546973,93.71043692,6.833768535,115.06563372,papaya,0.26,42,,3068.0,1
38,68,54,29.33710543,90.81781439,6.739170045,121.23436482,papaya,0.55,74,,2413.0,0
69,64,47,40.21199348,94.50766912,6.993473247000001,112.00573944,papaya,0.13,80,,1054.0,0
58,51,47,42.13473976,91.70445386,6.757470637000001,118.4417406,papaya,0.66,57,,1765.0,0
59,47,53,32.86316618,91.4618874,6.8506632320000005,28.3629282,papaya,0.68,53,,1666.6000000000001,1
44,64,54,29.80744318,91.38048469,6.74274935,139.62276756,papaya,0.51,93,,3753.1,1
56,57,48,31.56213762,93.0484859,6.506120752,38.173504728,papaya,0.15,81,,1597.0,0
69,60,54,36.32268069,93.06134398,6.98992719,84.70421556000001,papaya,0.62,80,,3633.5,1
56,58,49,37.13165026,94.60761797,6.69215564,103.48728371999997,papaya,0.34,24,,2736.5,1
49,55,53,38.4418717,93.63739039,6.544029776,46.629401298,papaya,0.37,35,,2834.0,0
38,51,52,32.66160599,90.78931681,6.927803911,47.310513012,papaya,0.61,11,,1743.0,0
54,65,47,27.92765919,91.55594211,6.721835879,89.94645341999997,papaya,0.16,93,,3114.8,1
57,57,51,39.01793345,91.48815629,6.99223441,63.53049186,papaya,0.54,55,,2054.0,0
39,52,53,32.51247398,94.65904123,6.704204398,30.642288678,papaya,0.57,42,,1952.0,0
58,67,45,38.72382798,91.72514851,6.702424548,37.57426245,papaya,0.41,89,,1607.0,0
61,64,52,43.30204933,92.83405443,6.641098708,66.3373374,papaya,0.41,20,,3628.3,1
34,62,55,27.58548913,90.72526502,6.585346229,143.10052674,papaya,0.384,16,,2967.9,1
31,48,45,40.78881819,92.90951393,6.563134737,79.67541516,papaya,0.47,35,,1970.8,1
47,46,52,23.19451074,91.40301608,6.502289472999999,123.83995248,papaya,0.17,36,,1336.0,0
32,68,52,32.68067385,92.61715632,6.800321319,149.31557916,papaya,0.58,11,,1742.0,1
36,59,46,34.28879307,93.61082872,6.721130542999999,76.35058662,papaya,0.312,72,,1736.8,1
61,51,51,39.30050027,94.16193416,6.574677594,72.57074796,papaya,0.58,17,,1204.0,0
70,54,46,39.73149053,91.12220596,6.919342407,73.65771918,papaya,0.292,13,,2971.8,1
44,56,49,39.23342464,91.25589286,6.519779582999999,38.66870993999999,papaya,0.21,33,,2438.0,0
34,68,51,27.34734861,94.17756725,6.687088097999999,24.210918846,papaya,0.308,58,,1495.0,0
50,59,47,40.76998685,92.09278584,6.747975732,125.92070465999998,papaya,0.292,64,,1042.0,0
39,70,52,26.26559543,90.79668055,6.65149129,35.696240286,papaya,0.304,72,,2990.0,0
34,61,49,28.12971499,93.3210737,6.502675132,70.69211442,papaya,0.344,12,,1148.0,0
44,60,55,34.2804607,90.55561637,6.825371185,59.12428647,papaya,0.3,93,,1450.0,0
31,62,52,33.7960155,93.00754254,6.99104104,109.2160842,papaya,0.372,87,,1732.0,0
65,62,51,31.53243779,90.87394933,6.5116248410000015,124.24410714,papaya,0.39,45,,2501.2000000000003,1
44,57,53,42.30495821,90.51431779,6.93172108,44.92607159999999,papaya,0.44,69,,2161.0,0
50,47,48,24.63676897,90.61964344,6.712772332999999,130.93795122,papaya,0.284,40,,1255.0,0
43,50,48,28.28222883,91.37059792,6.63016515,107.56324841999998,papaya,0.32,50,,2024.0,0
60,46,53,24.48620746,92.98254537,6.761953186,110.09457,papaya,0.336,87,,3278.6,1
70,68,55,42.84609252,94.63548176,6.691202286,47.28597834000001,papaya,0.55,78,,2819.0,0
59,62,52,43.67549305,93.10887229,6.608667683999999,62.29413948,papaya,0.376,78,,1792.0,0
60,58,51,42.07213781,92.92203105,6.840802254,99.44477832,papaya,0.7,10,,3433.3,1
42,60,47,33.46873719,92.12746225,6.834808347999999,82.09662246,papaya,0.44,35,,1663.0,0
35,66,47,31.7018373,91.66232213,6.953439161,29.302863552,papaya,0.4,75,,1520.0,0
34,65,48,41.41968393,90.03863107,6.665024507999999,119.58578592,papaya,0.59,36,,2864.0,0
36,54,46,42.54744013,94.94482086,6.662875839,128.64623088000002,papaya,0.61,23,,3520.4,1
39,64,52,28.91842453,94.63676767,6.678695788,38.212767648,papaya,0.37,89,,2176.0,0
37,52,47,43.08022702,93.90305729,6.54277684,127.11174354,papaya,0.312,26,,3786.9,1
33,47,46,29.20300896,93.96834049,6.839443833,125.6449983,papaya,0.304,66,,1670.0,0
34,48,48,41.04224355,91.37258067,6.805277038,108.9165588,papaya,0.15,76,,3482.7000000000003,1
49,54,50,25.62446619,93.18240298,6.762522087000001,58.358019942,papaya,0.2,59,,2748.2000000000003,1
40,65,49,35.32876402,91.06138506,6.678449317999999,98.3441619,papaya,0.5,64,,1831.7,1
68,52,49,24.42561272,92.27749066,6.577192175,38.011792608,papaya,0.324,28,,1936.0,0
50,46,52,31.18298415,90.21646909,6.734005647999999,32.411234154,papaya,0.332,88,,1479.4,1
65,63,50,31.88342554,91.3256535,6.524459342,47.56320945,papaya,0.67,31,,1001.0,0
40,49,47,42.93368602,91.1756748,6.501521192,147.81679608000002,papaya,0.29,51,,1580.0,0
42,53,48,23.11407669,94.31994776,6.758479569,138.90918966,papaya,0.7,62,,1977.0,0
49,55,51,24.87212063,93.90560147,6.676578778,81.10167149999998,papaya,0.4,56,,1619.8,1
59,62,49,43.36051537,93.35191636,6.941496806,68.8668426,papaya,0.308,26,,3893.5,1
63,58,47,26.83054058,90.75379971,6.864143752,86.79938664000002,papaya,0.3,11,,1847.3,1
70,65,52,30.42012134,93.12659793,6.583528529,45.57177,papaya,0.312,53,,1758.0,0
63,50,52,28.64555584,93.22642604,6.751747609,69.48983616,papaya,0.368,19,,1277.0,0
40,64,47,32.50037548,93.47888842,6.893509446,43.042557156,papaya,0.384,43,,2280.2000000000003,1
63,58,50,43.03714283,94.6428898,6.720744449,24.9513951,papaya,0.344,18,,2512.0,0
45,58,49,30.10773379,90.34546355,6.827812549,45.147131886,papaya,0.324,57,,2931.0,0
66,69,47,23.69212243,93.61055571,6.912299695,52.52036389799999,papaya,0.7,25,,1784.0,0
54,67,52,35.67667332,93.30641944,6.586107335,84.80287007999999,papaya,0.6,39,,1300.0,0
69,67,52,27.71948962,94.43877142,6.827305908,49.698366498,papaya,0.3,58,,1356.0,0
67,68,49,35.26824831,92.38282957,6.821774589,89.90929247999999,papaya,0.39,37,,1312.0,0
45,57,47,23.16855863,90.78821158,6.656458831,97.01352558000002,papaya,0.46,16,,2398.0,0
56,50,52,33.08706051,92.25197542,6.770384816,52.87804614,papaya,0.25,44,,1610.0,0
70,50,53,37.4620912,90.44967809,6.933809742999999,103.40750688,papaya,0.25,79,,2537.6,1
44,47,45,38.73218907,94.73613484,6.579441304,130.8852882,papaya,0.332,25,,2630.0,0
50,60,47,32.57720726,92.74889453,6.92791761,56.27657082,papaya,0.59,45,,1077.0,0
52,51,53,38.38231475,93.10378595,6.985804083,126.16412076,papaya,0.48,96,,1022.0,0
35,68,45,42.93605359,90.09448142,6.612429546,140.90796666,papaya,0.368,94,,1509.0,0
68,69,52,25.65492304,92.74501561,6.813383387000001,31.772867478,papaya,0.61,61,,2470.0,1
32,55,52,37.58899717,91.99740365,6.967759599999999,95.79464328,papaya,0.18,71,,1502.8,1
32,55,51,29.60718808,93.15642801,6.57398033,37.61226321,papaya,0.15,53,,2718.0,0
48,62,47,25.34756111,93.02871078,6.803094965,104.64074021999996,papaya,0.42,37,,1715.0,0
39,69,53,25.9300384,93.02357765,6.964955435,145.09212474,papaya,0.316,18,,3590.6,1
49,61,45,32.76795887,94.57377401,6.764213299,144.28775538,papaya,0.288,10,,2089.1,1
48,57,54,29.02328049,90.20396783,6.617703177999999,76.08419214,papaya,0.3,10,,2364.0,0
69,66,49,40.00439101,90.17015833,6.52711001,55.27126423199999,papaya,0.41,66,,1749.0,0
53,55,55,33.32315744,91.25271223,6.709668804,140.69797979999998,papaya,0.396,49,,2040.0,0
38,61,52,31.22790131,94.94021378,6.620729882000001,27.865674708,papaya,0.336,14,,2402.4,1
57,64,55,26.68386496,92.9585411,6.583760498999999,37.504138092,papaya,0.3,50,,2328.0,0
51,57,55,24.70528368,90.14732171,6.6764073370000006,65.04618948,papaya,0.34,45,,1873.3,1
56,65,45,38.2016825,93.97379963,6.751298936,130.85452884,papaya,0.32,63,,2863.0,0
54,66,52,36.56769731,93.79503425,6.867554147000001,62.65311576,papaya,0.48,24,,1717.0,0
58,55,47,26.05375792,93.69111672,6.7424900270000006,144.41183406,papaya,0.59,52,,1989.0,0
68,70,54,31.29986342,92.76039164,6.986228647000001,32.866981212,papaya,0.332,50,,2508.0,0
42,59,55,40.10207731,94.35110201,6.979102243,89.47199934000001,papaya,0.5,69,,1730.0,0
43,64,47,38.58954491,91.58076549,6.8256647820000005,61.36249386,papaya,0.55,36,,2323.0,0
35,67,49,41.31330062,91.1508798,6.617066674,143.84565324,papaya,0.388,11,,1128.0,0
56,59,55,37.03551903,91.79430166,6.551892637999999,113.11088532,papaya,0.364,56,,3170.7000000000003,1
39,64,53,23.012401800000006,91.07355541,6.598860305,125.00147856,papaya,0.52,88,,1366.0,0
